batch,loss,accuracy
0,"tensor(5.1620, device='cuda:0', grad_fn=<NllLossBackward0>)",0.006
1,"tensor(4.9666, device='cuda:0', grad_fn=<NllLossBackward0>)",0.038
2,"tensor(4.6434, device='cuda:0', grad_fn=<NllLossBackward0>)",0.067
3,"tensor(4.3499, device='cuda:0', grad_fn=<NllLossBackward0>)",0.059
4,"tensor(4.3702, device='cuda:0', grad_fn=<NllLossBackward0>)",0.081
5,"tensor(4.4573, device='cuda:0', grad_fn=<NllLossBackward0>)",0.093
6,"tensor(4.2304, device='cuda:0', grad_fn=<NllLossBackward0>)",0.105
7,"tensor(4.0903, device='cuda:0', grad_fn=<NllLossBackward0>)",0.133
8,"tensor(4.2148, device='cuda:0', grad_fn=<NllLossBackward0>)",0.116
9,"tensor(4.1512, device='cuda:0', grad_fn=<NllLossBackward0>)",0.112
10,"tensor(3.9977, device='cuda:0', grad_fn=<NllLossBackward0>)",0.144
11,"tensor(3.9014, device='cuda:0', grad_fn=<NllLossBackward0>)",0.15
12,"tensor(3.8274, device='cuda:0', grad_fn=<NllLossBackward0>)",0.139
13,"tensor(3.7991, device='cuda:0', grad_fn=<NllLossBackward0>)",0.168
14,"tensor(3.6088, device='cuda:0', grad_fn=<NllLossBackward0>)",0.196
15,"tensor(3.6039, device='cuda:0', grad_fn=<NllLossBackward0>)",0.221
16,"tensor(3.4835, device='cuda:0', grad_fn=<NllLossBackward0>)",0.239
17,"tensor(3.4453, device='cuda:0', grad_fn=<NllLossBackward0>)",0.238
18,"tensor(3.4543, device='cuda:0', grad_fn=<NllLossBackward0>)",0.218
19,"tensor(3.3360, device='cuda:0', grad_fn=<NllLossBackward0>)",0.226
20,"tensor(3.2124, device='cuda:0', grad_fn=<NllLossBackward0>)",0.26
21,"tensor(3.2604, device='cuda:0', grad_fn=<NllLossBackward0>)",0.226
22,"tensor(3.2270, device='cuda:0', grad_fn=<NllLossBackward0>)",0.234
23,"tensor(3.1780, device='cuda:0', grad_fn=<NllLossBackward0>)",0.237
24,"tensor(3.1466, device='cuda:0', grad_fn=<NllLossBackward0>)",0.246
25,"tensor(3.0792, device='cuda:0', grad_fn=<NllLossBackward0>)",0.252
26,"tensor(3.1141, device='cuda:0', grad_fn=<NllLossBackward0>)",0.246
27,"tensor(3.0094, device='cuda:0', grad_fn=<NllLossBackward0>)",0.259
28,"tensor(2.9937, device='cuda:0', grad_fn=<NllLossBackward0>)",0.282
29,"tensor(2.9319, device='cuda:0', grad_fn=<NllLossBackward0>)",0.279
30,"tensor(2.8984, device='cuda:0', grad_fn=<NllLossBackward0>)",0.281
31,"tensor(2.8707, device='cuda:0', grad_fn=<NllLossBackward0>)",0.289
32,"tensor(2.8662, device='cuda:0', grad_fn=<NllLossBackward0>)",0.298
33,"tensor(2.7808, device='cuda:0', grad_fn=<NllLossBackward0>)",0.286
34,"tensor(2.7363, device='cuda:0', grad_fn=<NllLossBackward0>)",0.314
35,"tensor(2.7317, device='cuda:0', grad_fn=<NllLossBackward0>)",0.293
36,"tensor(2.8242, device='cuda:0', grad_fn=<NllLossBackward0>)",0.267
37,"tensor(2.8245, device='cuda:0', grad_fn=<NllLossBackward0>)",0.291
38,"tensor(2.8050, device='cuda:0', grad_fn=<NllLossBackward0>)",0.3
39,"tensor(2.5566, device='cuda:0', grad_fn=<NllLossBackward0>)",0.335
40,"tensor(2.7091, device='cuda:0', grad_fn=<NllLossBackward0>)",0.317
41,"tensor(2.7204, device='cuda:0', grad_fn=<NllLossBackward0>)",0.317
42,"tensor(2.6993, device='cuda:0', grad_fn=<NllLossBackward0>)",0.279
43,"tensor(2.6283, device='cuda:0', grad_fn=<NllLossBackward0>)",0.334
44,"tensor(2.6048, device='cuda:0', grad_fn=<NllLossBackward0>)",0.317
45,"tensor(2.6253, device='cuda:0', grad_fn=<NllLossBackward0>)",0.32
46,"tensor(2.6600, device='cuda:0', grad_fn=<NllLossBackward0>)",0.324
47,"tensor(2.5318, device='cuda:0', grad_fn=<NllLossBackward0>)",0.332
48,"tensor(2.5658, device='cuda:0', grad_fn=<NllLossBackward0>)",0.345
49,"tensor(2.5308, device='cuda:0', grad_fn=<NllLossBackward0>)",0.332
50,"tensor(2.6254, device='cuda:0', grad_fn=<NllLossBackward0>)",0.34
51,"tensor(2.4819, device='cuda:0', grad_fn=<NllLossBackward0>)",0.375
52,"tensor(2.4797, device='cuda:0', grad_fn=<NllLossBackward0>)",0.369
53,"tensor(2.5350, device='cuda:0', grad_fn=<NllLossBackward0>)",0.337
54,"tensor(2.3909, device='cuda:0', grad_fn=<NllLossBackward0>)",0.363
55,"tensor(2.3624, device='cuda:0', grad_fn=<NllLossBackward0>)",0.391
56,"tensor(2.5522, device='cuda:0', grad_fn=<NllLossBackward0>)",0.321
57,"tensor(2.4190, device='cuda:0', grad_fn=<NllLossBackward0>)",0.35
58,"tensor(2.5002, device='cuda:0', grad_fn=<NllLossBackward0>)",0.354
59,"tensor(2.3589, device='cuda:0', grad_fn=<NllLossBackward0>)",0.367
60,"tensor(2.4876, device='cuda:0', grad_fn=<NllLossBackward0>)",0.364
61,"tensor(2.5591, device='cuda:0', grad_fn=<NllLossBackward0>)",0.348
62,"tensor(2.4302, device='cuda:0', grad_fn=<NllLossBackward0>)",0.357
63,"tensor(2.3978, device='cuda:0', grad_fn=<NllLossBackward0>)",0.37
64,"tensor(2.2807, device='cuda:0', grad_fn=<NllLossBackward0>)",0.393
65,"tensor(2.4341, device='cuda:0', grad_fn=<NllLossBackward0>)",0.357
66,"tensor(2.2459, device='cuda:0', grad_fn=<NllLossBackward0>)",0.392
67,"tensor(2.3797, device='cuda:0', grad_fn=<NllLossBackward0>)",0.364
68,"tensor(2.3705, device='cuda:0', grad_fn=<NllLossBackward0>)",0.38
69,"tensor(2.3279, device='cuda:0', grad_fn=<NllLossBackward0>)",0.388
70,"tensor(2.4052, device='cuda:0', grad_fn=<NllLossBackward0>)",0.36
71,"tensor(2.3053, device='cuda:0', grad_fn=<NllLossBackward0>)",0.399
72,"tensor(2.2990, device='cuda:0', grad_fn=<NllLossBackward0>)",0.379
73,"tensor(2.3255, device='cuda:0', grad_fn=<NllLossBackward0>)",0.362
74,"tensor(2.2271, device='cuda:0', grad_fn=<NllLossBackward0>)",0.39
75,"tensor(2.2533, device='cuda:0', grad_fn=<NllLossBackward0>)",0.403
76,"tensor(2.3353, device='cuda:0', grad_fn=<NllLossBackward0>)",0.379
77,"tensor(2.1950, device='cuda:0', grad_fn=<NllLossBackward0>)",0.399
78,"tensor(2.2043, device='cuda:0', grad_fn=<NllLossBackward0>)",0.404
79,"tensor(2.2155, device='cuda:0', grad_fn=<NllLossBackward0>)",0.417
80,"tensor(2.2301, device='cuda:0', grad_fn=<NllLossBackward0>)",0.392
81,"tensor(2.3127, device='cuda:0', grad_fn=<NllLossBackward0>)",0.37
82,"tensor(2.2322, device='cuda:0', grad_fn=<NllLossBackward0>)",0.382
83,"tensor(2.2707, device='cuda:0', grad_fn=<NllLossBackward0>)",0.401
84,"tensor(2.1823, device='cuda:0', grad_fn=<NllLossBackward0>)",0.418
85,"tensor(2.2339, device='cuda:0', grad_fn=<NllLossBackward0>)",0.409
86,"tensor(2.2558, device='cuda:0', grad_fn=<NllLossBackward0>)",0.401
87,"tensor(2.2623, device='cuda:0', grad_fn=<NllLossBackward0>)",0.388
88,"tensor(2.2321, device='cuda:0', grad_fn=<NllLossBackward0>)",0.387
89,"tensor(2.2454, device='cuda:0', grad_fn=<NllLossBackward0>)",0.383
90,"tensor(2.2019, device='cuda:0', grad_fn=<NllLossBackward0>)",0.401
91,"tensor(2.1506, device='cuda:0', grad_fn=<NllLossBackward0>)",0.411
92,"tensor(2.1787, device='cuda:0', grad_fn=<NllLossBackward0>)",0.418
93,"tensor(2.1045, device='cuda:0', grad_fn=<NllLossBackward0>)",0.422
94,"tensor(2.2563, device='cuda:0', grad_fn=<NllLossBackward0>)",0.416
95,"tensor(2.1824, device='cuda:0', grad_fn=<NllLossBackward0>)",0.4
96,"tensor(2.1174, device='cuda:0', grad_fn=<NllLossBackward0>)",0.419
97,"tensor(2.1818, device='cuda:0', grad_fn=<NllLossBackward0>)",0.389
98,"tensor(2.2153, device='cuda:0', grad_fn=<NllLossBackward0>)",0.406
99,"tensor(2.1369, device='cuda:0', grad_fn=<NllLossBackward0>)",0.416
100,"tensor(2.0957, device='cuda:0', grad_fn=<NllLossBackward0>)",0.425
101,"tensor(2.1898, device='cuda:0', grad_fn=<NllLossBackward0>)",0.4
102,"tensor(2.1709, device='cuda:0', grad_fn=<NllLossBackward0>)",0.405
103,"tensor(2.1875, device='cuda:0', grad_fn=<NllLossBackward0>)",0.41
104,"tensor(2.1508, device='cuda:0', grad_fn=<NllLossBackward0>)",0.399
105,"tensor(2.1630, device='cuda:0', grad_fn=<NllLossBackward0>)",0.435
106,"tensor(2.1405, device='cuda:0', grad_fn=<NllLossBackward0>)",0.412
107,"tensor(2.0929, device='cuda:0', grad_fn=<NllLossBackward0>)",0.417
108,"tensor(2.1896, device='cuda:0', grad_fn=<NllLossBackward0>)",0.391
109,"tensor(2.0472, device='cuda:0', grad_fn=<NllLossBackward0>)",0.447
110,"tensor(2.1327, device='cuda:0', grad_fn=<NllLossBackward0>)",0.419
111,"tensor(2.1161, device='cuda:0', grad_fn=<NllLossBackward0>)",0.413
112,"tensor(2.1671, device='cuda:0', grad_fn=<NllLossBackward0>)",0.415
113,"tensor(2.0456, device='cuda:0', grad_fn=<NllLossBackward0>)",0.437
114,"tensor(2.0462, device='cuda:0', grad_fn=<NllLossBackward0>)",0.412
115,"tensor(2.0884, device='cuda:0', grad_fn=<NllLossBackward0>)",0.437
116,"tensor(2.0983, device='cuda:0', grad_fn=<NllLossBackward0>)",0.425
117,"tensor(2.1348, device='cuda:0', grad_fn=<NllLossBackward0>)",0.409
118,"tensor(2.0788, device='cuda:0', grad_fn=<NllLossBackward0>)",0.416
119,"tensor(2.0725, device='cuda:0', grad_fn=<NllLossBackward0>)",0.423
120,"tensor(2.0658, device='cuda:0', grad_fn=<NllLossBackward0>)",0.415
121,"tensor(2.0870, device='cuda:0', grad_fn=<NllLossBackward0>)",0.442
122,"tensor(2.0218, device='cuda:0', grad_fn=<NllLossBackward0>)",0.432
123,"tensor(2.0195, device='cuda:0', grad_fn=<NllLossBackward0>)",0.446
124,"tensor(2.0173, device='cuda:0', grad_fn=<NllLossBackward0>)",0.451
125,"tensor(2.1055, device='cuda:0', grad_fn=<NllLossBackward0>)",0.403
126,"tensor(2.0512, device='cuda:0', grad_fn=<NllLossBackward0>)",0.432
127,"tensor(2.0549, device='cuda:0', grad_fn=<NllLossBackward0>)",0.422
128,"tensor(2.0771, device='cuda:0', grad_fn=<NllLossBackward0>)",0.404
129,"tensor(2.1558, device='cuda:0', grad_fn=<NllLossBackward0>)",0.425
130,"tensor(1.9815, device='cuda:0', grad_fn=<NllLossBackward0>)",0.428
131,"tensor(2.0718, device='cuda:0', grad_fn=<NllLossBackward0>)",0.418
132,"tensor(1.9844, device='cuda:0', grad_fn=<NllLossBackward0>)",0.46
133,"tensor(2.0401, device='cuda:0', grad_fn=<NllLossBackward0>)",0.439
134,"tensor(2.0150, device='cuda:0', grad_fn=<NllLossBackward0>)",0.423
135,"tensor(2.1103, device='cuda:0', grad_fn=<NllLossBackward0>)",0.42
136,"tensor(2.0629, device='cuda:0', grad_fn=<NllLossBackward0>)",0.438
137,"tensor(2.0237, device='cuda:0', grad_fn=<NllLossBackward0>)",0.435
138,"tensor(2.0456, device='cuda:0', grad_fn=<NllLossBackward0>)",0.438
139,"tensor(2.0011, device='cuda:0', grad_fn=<NllLossBackward0>)",0.414
140,"tensor(2.0276, device='cuda:0', grad_fn=<NllLossBackward0>)",0.437
141,"tensor(2.0507, device='cuda:0', grad_fn=<NllLossBackward0>)",0.448
142,"tensor(2.0697, device='cuda:0', grad_fn=<NllLossBackward0>)",0.432
143,"tensor(2.1324, device='cuda:0', grad_fn=<NllLossBackward0>)",0.417
144,"tensor(2.0191, device='cuda:0', grad_fn=<NllLossBackward0>)",0.431
145,"tensor(2.0630, device='cuda:0', grad_fn=<NllLossBackward0>)",0.431
146,"tensor(1.9613, device='cuda:0', grad_fn=<NllLossBackward0>)",0.461
147,"tensor(1.9399, device='cuda:0', grad_fn=<NllLossBackward0>)",0.454
148,"tensor(1.9603, device='cuda:0', grad_fn=<NllLossBackward0>)",0.447
149,"tensor(2.0553, device='cuda:0', grad_fn=<NllLossBackward0>)",0.43
150,"tensor(2.0274, device='cuda:0', grad_fn=<NllLossBackward0>)",0.46
151,"tensor(1.9851, device='cuda:0', grad_fn=<NllLossBackward0>)",0.436
152,"tensor(1.9948, device='cuda:0', grad_fn=<NllLossBackward0>)",0.456
153,"tensor(2.0261, device='cuda:0', grad_fn=<NllLossBackward0>)",0.427
154,"tensor(2.0459, device='cuda:0', grad_fn=<NllLossBackward0>)",0.411
155,"tensor(2.0607, device='cuda:0', grad_fn=<NllLossBackward0>)",0.446
156,"tensor(2.0750, device='cuda:0', grad_fn=<NllLossBackward0>)",0.405
157,"tensor(1.9896, device='cuda:0', grad_fn=<NllLossBackward0>)",0.441
158,"tensor(1.9926, device='cuda:0', grad_fn=<NllLossBackward0>)",0.441
159,"tensor(2.0734, device='cuda:0', grad_fn=<NllLossBackward0>)",0.434
160,"tensor(2.0050, device='cuda:0', grad_fn=<NllLossBackward0>)",0.444
161,"tensor(2.0595, device='cuda:0', grad_fn=<NllLossBackward0>)",0.425
162,"tensor(2.0343, device='cuda:0', grad_fn=<NllLossBackward0>)",0.427
163,"tensor(2.0372, device='cuda:0', grad_fn=<NllLossBackward0>)",0.415
164,"tensor(1.9597, device='cuda:0', grad_fn=<NllLossBackward0>)",0.44
165,"tensor(1.9788, device='cuda:0', grad_fn=<NllLossBackward0>)",0.47
166,"tensor(2.0428, device='cuda:0', grad_fn=<NllLossBackward0>)",0.442
167,"tensor(2.0361, device='cuda:0', grad_fn=<NllLossBackward0>)",0.43
168,"tensor(2.0608, device='cuda:0', grad_fn=<NllLossBackward0>)",0.422
169,"tensor(1.9604, device='cuda:0', grad_fn=<NllLossBackward0>)",0.453
170,"tensor(2.0440, device='cuda:0', grad_fn=<NllLossBackward0>)",0.423
171,"tensor(2.0228, device='cuda:0', grad_fn=<NllLossBackward0>)",0.443
172,"tensor(1.9744, device='cuda:0', grad_fn=<NllLossBackward0>)",0.453
173,"tensor(1.9468, device='cuda:0', grad_fn=<NllLossBackward0>)",0.456
174,"tensor(2.0746, device='cuda:0', grad_fn=<NllLossBackward0>)",0.449
175,"tensor(1.9520, device='cuda:0', grad_fn=<NllLossBackward0>)",0.45
176,"tensor(1.9468, device='cuda:0', grad_fn=<NllLossBackward0>)",0.464
177,"tensor(2.0200, device='cuda:0', grad_fn=<NllLossBackward0>)",0.441
178,"tensor(1.8545, device='cuda:0', grad_fn=<NllLossBackward0>)",0.483
179,"tensor(1.9773, device='cuda:0', grad_fn=<NllLossBackward0>)",0.467
180,"tensor(1.9620, device='cuda:0', grad_fn=<NllLossBackward0>)",0.428
181,"tensor(1.9459, device='cuda:0', grad_fn=<NllLossBackward0>)",0.472
182,"tensor(1.9388, device='cuda:0', grad_fn=<NllLossBackward0>)",0.448
183,"tensor(1.9763, device='cuda:0', grad_fn=<NllLossBackward0>)",0.45
184,"tensor(1.9967, device='cuda:0', grad_fn=<NllLossBackward0>)",0.432
185,"tensor(1.9218, device='cuda:0', grad_fn=<NllLossBackward0>)",0.451
186,"tensor(2.0027, device='cuda:0', grad_fn=<NllLossBackward0>)",0.448
187,"tensor(1.9308, device='cuda:0', grad_fn=<NllLossBackward0>)",0.46
188,"tensor(1.8904, device='cuda:0', grad_fn=<NllLossBackward0>)",0.463
189,"tensor(1.8738, device='cuda:0', grad_fn=<NllLossBackward0>)",0.474
190,"tensor(1.8968, device='cuda:0', grad_fn=<NllLossBackward0>)",0.472
191,"tensor(1.9842, device='cuda:0', grad_fn=<NllLossBackward0>)",0.444
192,"tensor(1.9224, device='cuda:0', grad_fn=<NllLossBackward0>)",0.454
193,"tensor(1.9752, device='cuda:0', grad_fn=<NllLossBackward0>)",0.447
194,"tensor(1.9250, device='cuda:0', grad_fn=<NllLossBackward0>)",0.466
195,"tensor(1.8807, device='cuda:0', grad_fn=<NllLossBackward0>)",0.467
196,"tensor(1.9886, device='cuda:0', grad_fn=<NllLossBackward0>)",0.448
197,"tensor(1.9899, device='cuda:0', grad_fn=<NllLossBackward0>)",0.441
198,"tensor(1.9189, device='cuda:0', grad_fn=<NllLossBackward0>)",0.475
199,"tensor(1.8745, device='cuda:0', grad_fn=<NllLossBackward0>)",0.465
200,"tensor(1.9695, device='cuda:0', grad_fn=<NllLossBackward0>)",0.455
201,"tensor(1.9105, device='cuda:0', grad_fn=<NllLossBackward0>)",0.47
202,"tensor(2.0017, device='cuda:0', grad_fn=<NllLossBackward0>)",0.431
203,"tensor(1.9194, device='cuda:0', grad_fn=<NllLossBackward0>)",0.46
204,"tensor(1.8856, device='cuda:0', grad_fn=<NllLossBackward0>)",0.465
205,"tensor(1.8773, device='cuda:0', grad_fn=<NllLossBackward0>)",0.464
206,"tensor(1.9278, device='cuda:0', grad_fn=<NllLossBackward0>)",0.47
207,"tensor(1.9580, device='cuda:0', grad_fn=<NllLossBackward0>)",0.476
208,"tensor(1.8030, device='cuda:0', grad_fn=<NllLossBackward0>)",0.486
209,"tensor(1.8986, device='cuda:0', grad_fn=<NllLossBackward0>)",0.478
210,"tensor(1.9584, device='cuda:0', grad_fn=<NllLossBackward0>)",0.484
211,"tensor(1.8103, device='cuda:0', grad_fn=<NllLossBackward0>)",0.474
212,"tensor(1.9819, device='cuda:0', grad_fn=<NllLossBackward0>)",0.456
213,"tensor(1.9173, device='cuda:0', grad_fn=<NllLossBackward0>)",0.47
214,"tensor(1.9194, device='cuda:0', grad_fn=<NllLossBackward0>)",0.483
215,"tensor(1.9736, device='cuda:0', grad_fn=<NllLossBackward0>)",0.437
216,"tensor(1.9361, device='cuda:0', grad_fn=<NllLossBackward0>)",0.458
217,"tensor(1.9523, device='cuda:0', grad_fn=<NllLossBackward0>)",0.463
218,"tensor(1.9000, device='cuda:0', grad_fn=<NllLossBackward0>)",0.475
219,"tensor(1.8307, device='cuda:0', grad_fn=<NllLossBackward0>)",0.488
220,"tensor(1.8475, device='cuda:0', grad_fn=<NllLossBackward0>)",0.479
221,"tensor(2.0277, device='cuda:0', grad_fn=<NllLossBackward0>)",0.454
222,"tensor(2.0034, device='cuda:0', grad_fn=<NllLossBackward0>)",0.428
223,"tensor(1.8277, device='cuda:0', grad_fn=<NllLossBackward0>)",0.499
224,"tensor(1.8315, device='cuda:0', grad_fn=<NllLossBackward0>)",0.499
225,"tensor(1.8485, device='cuda:0', grad_fn=<NllLossBackward0>)",0.494
226,"tensor(1.9200, device='cuda:0', grad_fn=<NllLossBackward0>)",0.456
227,"tensor(1.9115, device='cuda:0', grad_fn=<NllLossBackward0>)",0.455
228,"tensor(1.8481, device='cuda:0', grad_fn=<NllLossBackward0>)",0.485
229,"tensor(1.8708, device='cuda:0', grad_fn=<NllLossBackward0>)",0.469
230,"tensor(1.8904, device='cuda:0', grad_fn=<NllLossBackward0>)",0.468
231,"tensor(1.9587, device='cuda:0', grad_fn=<NllLossBackward0>)",0.465
232,"tensor(1.8745, device='cuda:0', grad_fn=<NllLossBackward0>)",0.458
233,"tensor(1.8913, device='cuda:0', grad_fn=<NllLossBackward0>)",0.475
234,"tensor(1.8602, device='cuda:0', grad_fn=<NllLossBackward0>)",0.485
235,"tensor(1.8265, device='cuda:0', grad_fn=<NllLossBackward0>)",0.498
236,"tensor(1.8567, device='cuda:0', grad_fn=<NllLossBackward0>)",0.481
237,"tensor(1.8907, device='cuda:0', grad_fn=<NllLossBackward0>)",0.449
238,"tensor(1.8126, device='cuda:0', grad_fn=<NllLossBackward0>)",0.486
239,"tensor(1.9228, device='cuda:0', grad_fn=<NllLossBackward0>)",0.456
240,"tensor(1.9064, device='cuda:0', grad_fn=<NllLossBackward0>)",0.458
241,"tensor(1.8704, device='cuda:0', grad_fn=<NllLossBackward0>)",0.472
242,"tensor(1.9035, device='cuda:0', grad_fn=<NllLossBackward0>)",0.463
243,"tensor(1.9332, device='cuda:0', grad_fn=<NllLossBackward0>)",0.454
244,"tensor(1.9590, device='cuda:0', grad_fn=<NllLossBackward0>)",0.442
245,"tensor(1.9330, device='cuda:0', grad_fn=<NllLossBackward0>)",0.453
246,"tensor(1.8133, device='cuda:0', grad_fn=<NllLossBackward0>)",0.458
247,"tensor(1.9365, device='cuda:0', grad_fn=<NllLossBackward0>)",0.433
248,"tensor(1.8369, device='cuda:0', grad_fn=<NllLossBackward0>)",0.472
249,"tensor(1.8059, device='cuda:0', grad_fn=<NllLossBackward0>)",0.486
250,"tensor(1.9705, device='cuda:0', grad_fn=<NllLossBackward0>)",0.46
251,"tensor(1.8708, device='cuda:0', grad_fn=<NllLossBackward0>)",0.484
252,"tensor(1.8500, device='cuda:0', grad_fn=<NllLossBackward0>)",0.449
253,"tensor(1.8612, device='cuda:0', grad_fn=<NllLossBackward0>)",0.464
254,"tensor(1.8494, device='cuda:0', grad_fn=<NllLossBackward0>)",0.468
255,"tensor(1.9416, device='cuda:0', grad_fn=<NllLossBackward0>)",0.43
256,"tensor(1.7938, device='cuda:0', grad_fn=<NllLossBackward0>)",0.492
257,"tensor(2.0161, device='cuda:0', grad_fn=<NllLossBackward0>)",0.445
258,"tensor(1.9135, device='cuda:0', grad_fn=<NllLossBackward0>)",0.459
259,"tensor(1.9729, device='cuda:0', grad_fn=<NllLossBackward0>)",0.436
260,"tensor(1.9534, device='cuda:0', grad_fn=<NllLossBackward0>)",0.484
261,"tensor(1.9231, device='cuda:0', grad_fn=<NllLossBackward0>)",0.468
262,"tensor(1.9277, device='cuda:0', grad_fn=<NllLossBackward0>)",0.444
263,"tensor(1.9057, device='cuda:0', grad_fn=<NllLossBackward0>)",0.449
264,"tensor(1.9036, device='cuda:0', grad_fn=<NllLossBackward0>)",0.459
265,"tensor(1.9273, device='cuda:0', grad_fn=<NllLossBackward0>)",0.473
266,"tensor(1.8345, device='cuda:0', grad_fn=<NllLossBackward0>)",0.481
267,"tensor(1.9173, device='cuda:0', grad_fn=<NllLossBackward0>)",0.466
268,"tensor(1.7245, device='cuda:0', grad_fn=<NllLossBackward0>)",0.518
269,"tensor(1.8028, device='cuda:0', grad_fn=<NllLossBackward0>)",0.48
270,"tensor(1.7892, device='cuda:0', grad_fn=<NllLossBackward0>)",0.489
271,"tensor(1.9622, device='cuda:0', grad_fn=<NllLossBackward0>)",0.465
272,"tensor(1.9164, device='cuda:0', grad_fn=<NllLossBackward0>)",0.481
273,"tensor(1.8905, device='cuda:0', grad_fn=<NllLossBackward0>)",0.481
274,"tensor(1.8578, device='cuda:0', grad_fn=<NllLossBackward0>)",0.484
275,"tensor(1.8705, device='cuda:0', grad_fn=<NllLossBackward0>)",0.47
276,"tensor(1.9549, device='cuda:0', grad_fn=<NllLossBackward0>)",0.473
277,"tensor(1.7927, device='cuda:0', grad_fn=<NllLossBackward0>)",0.487
278,"tensor(1.8147, device='cuda:0', grad_fn=<NllLossBackward0>)",0.493
279,"tensor(1.8467, device='cuda:0', grad_fn=<NllLossBackward0>)",0.485
280,"tensor(1.8049, device='cuda:0', grad_fn=<NllLossBackward0>)",0.49
281,"tensor(1.8192, device='cuda:0', grad_fn=<NllLossBackward0>)",0.485
282,"tensor(1.8824, device='cuda:0', grad_fn=<NllLossBackward0>)",0.486
283,"tensor(1.9004, device='cuda:0', grad_fn=<NllLossBackward0>)",0.481
284,"tensor(1.8306, device='cuda:0', grad_fn=<NllLossBackward0>)",0.504
285,"tensor(1.8102, device='cuda:0', grad_fn=<NllLossBackward0>)",0.49
286,"tensor(1.8673, device='cuda:0', grad_fn=<NllLossBackward0>)",0.464
287,"tensor(1.9859, device='cuda:0', grad_fn=<NllLossBackward0>)",0.463
288,"tensor(1.9042, device='cuda:0', grad_fn=<NllLossBackward0>)",0.469
289,"tensor(1.9137, device='cuda:0', grad_fn=<NllLossBackward0>)",0.462
290,"tensor(1.9028, device='cuda:0', grad_fn=<NllLossBackward0>)",0.471
291,"tensor(1.8462, device='cuda:0', grad_fn=<NllLossBackward0>)",0.485
292,"tensor(1.8340, device='cuda:0', grad_fn=<NllLossBackward0>)",0.46
293,"tensor(1.8954, device='cuda:0', grad_fn=<NllLossBackward0>)",0.497
294,"tensor(1.8819, device='cuda:0', grad_fn=<NllLossBackward0>)",0.465
295,"tensor(1.8910, device='cuda:0', grad_fn=<NllLossBackward0>)",0.475
296,"tensor(1.7884, device='cuda:0', grad_fn=<NllLossBackward0>)",0.504
297,"tensor(1.8418, device='cuda:0', grad_fn=<NllLossBackward0>)",0.468
298,"tensor(1.7767, device='cuda:0', grad_fn=<NllLossBackward0>)",0.498
299,"tensor(1.8982, device='cuda:0', grad_fn=<NllLossBackward0>)",0.441
300,"tensor(1.8753, device='cuda:0', grad_fn=<NllLossBackward0>)",0.472
301,"tensor(1.8661, device='cuda:0', grad_fn=<NllLossBackward0>)",0.472
302,"tensor(1.8146, device='cuda:0', grad_fn=<NllLossBackward0>)",0.491
303,"tensor(1.9089, device='cuda:0', grad_fn=<NllLossBackward0>)",0.464
304,"tensor(1.8265, device='cuda:0', grad_fn=<NllLossBackward0>)",0.483
305,"tensor(1.8431, device='cuda:0', grad_fn=<NllLossBackward0>)",0.473
306,"tensor(1.7923, device='cuda:0', grad_fn=<NllLossBackward0>)",0.475
307,"tensor(1.7414, device='cuda:0', grad_fn=<NllLossBackward0>)",0.506
308,"tensor(1.8869, device='cuda:0', grad_fn=<NllLossBackward0>)",0.489
309,"tensor(1.7946, device='cuda:0', grad_fn=<NllLossBackward0>)",0.515
310,"tensor(1.7521, device='cuda:0', grad_fn=<NllLossBackward0>)",0.502
311,"tensor(1.8262, device='cuda:0', grad_fn=<NllLossBackward0>)",0.476
312,"tensor(1.9017, device='cuda:0', grad_fn=<NllLossBackward0>)",0.481
313,"tensor(1.7741, device='cuda:0', grad_fn=<NllLossBackward0>)",0.5
314,"tensor(1.8070, device='cuda:0', grad_fn=<NllLossBackward0>)",0.503
315,"tensor(1.9571, device='cuda:0', grad_fn=<NllLossBackward0>)",0.433
316,"tensor(1.8980, device='cuda:0', grad_fn=<NllLossBackward0>)",0.468
317,"tensor(1.8562, device='cuda:0', grad_fn=<NllLossBackward0>)",0.489
318,"tensor(1.7905, device='cuda:0', grad_fn=<NllLossBackward0>)",0.486
319,"tensor(1.8320, device='cuda:0', grad_fn=<NllLossBackward0>)",0.471
320,"tensor(1.8980, device='cuda:0', grad_fn=<NllLossBackward0>)",0.481
321,"tensor(1.8450, device='cuda:0', grad_fn=<NllLossBackward0>)",0.482
322,"tensor(1.9083, device='cuda:0', grad_fn=<NllLossBackward0>)",0.476
323,"tensor(1.8175, device='cuda:0', grad_fn=<NllLossBackward0>)",0.464
324,"tensor(1.7490, device='cuda:0', grad_fn=<NllLossBackward0>)",0.501
325,"tensor(1.8663, device='cuda:0', grad_fn=<NllLossBackward0>)",0.487
326,"tensor(1.8517, device='cuda:0', grad_fn=<NllLossBackward0>)",0.482
327,"tensor(1.7868, device='cuda:0', grad_fn=<NllLossBackward0>)",0.494
328,"tensor(1.8820, device='cuda:0', grad_fn=<NllLossBackward0>)",0.482
329,"tensor(1.9239, device='cuda:0', grad_fn=<NllLossBackward0>)",0.467
330,"tensor(1.8366, device='cuda:0', grad_fn=<NllLossBackward0>)",0.47
331,"tensor(1.8006, device='cuda:0', grad_fn=<NllLossBackward0>)",0.482
332,"tensor(1.8094, device='cuda:0', grad_fn=<NllLossBackward0>)",0.491
333,"tensor(1.7904, device='cuda:0', grad_fn=<NllLossBackward0>)",0.487
334,"tensor(1.7975, device='cuda:0', grad_fn=<NllLossBackward0>)",0.511
335,"tensor(1.7964, device='cuda:0', grad_fn=<NllLossBackward0>)",0.487
336,"tensor(1.7674, device='cuda:0', grad_fn=<NllLossBackward0>)",0.501
337,"tensor(1.8005, device='cuda:0', grad_fn=<NllLossBackward0>)",0.467
338,"tensor(1.7694, device='cuda:0', grad_fn=<NllLossBackward0>)",0.472
339,"tensor(1.8840, device='cuda:0', grad_fn=<NllLossBackward0>)",0.482
340,"tensor(1.8473, device='cuda:0', grad_fn=<NllLossBackward0>)",0.468
341,"tensor(1.7281, device='cuda:0', grad_fn=<NllLossBackward0>)",0.506
342,"tensor(1.8290, device='cuda:0', grad_fn=<NllLossBackward0>)",0.488
343,"tensor(1.8472, device='cuda:0', grad_fn=<NllLossBackward0>)",0.481
344,"tensor(1.7636, device='cuda:0', grad_fn=<NllLossBackward0>)",0.502
345,"tensor(1.8141, device='cuda:0', grad_fn=<NllLossBackward0>)",0.477
346,"tensor(1.7933, device='cuda:0', grad_fn=<NllLossBackward0>)",0.495
347,"tensor(1.8285, device='cuda:0', grad_fn=<NllLossBackward0>)",0.5
348,"tensor(1.9012, device='cuda:0', grad_fn=<NllLossBackward0>)",0.481
349,"tensor(1.8929, device='cuda:0', grad_fn=<NllLossBackward0>)",0.454
350,"tensor(1.8275, device='cuda:0', grad_fn=<NllLossBackward0>)",0.49
351,"tensor(1.8383, device='cuda:0', grad_fn=<NllLossBackward0>)",0.482
352,"tensor(1.7688, device='cuda:0', grad_fn=<NllLossBackward0>)",0.475
353,"tensor(1.7370, device='cuda:0', grad_fn=<NllLossBackward0>)",0.504
354,"tensor(1.8275, device='cuda:0', grad_fn=<NllLossBackward0>)",0.481
355,"tensor(1.6854, device='cuda:0', grad_fn=<NllLossBackward0>)",0.521
356,"tensor(1.8327, device='cuda:0', grad_fn=<NllLossBackward0>)",0.491
357,"tensor(1.7849, device='cuda:0', grad_fn=<NllLossBackward0>)",0.481
358,"tensor(1.7504, device='cuda:0', grad_fn=<NllLossBackward0>)",0.512
359,"tensor(1.8100, device='cuda:0', grad_fn=<NllLossBackward0>)",0.481
360,"tensor(1.8039, device='cuda:0', grad_fn=<NllLossBackward0>)",0.5
361,"tensor(1.8066, device='cuda:0', grad_fn=<NllLossBackward0>)",0.506
362,"tensor(1.8460, device='cuda:0', grad_fn=<NllLossBackward0>)",0.467
363,"tensor(1.8435, device='cuda:0', grad_fn=<NllLossBackward0>)",0.493
364,"tensor(1.7575, device='cuda:0', grad_fn=<NllLossBackward0>)",0.491
365,"tensor(1.8456, device='cuda:0', grad_fn=<NllLossBackward0>)",0.486
366,"tensor(1.8285, device='cuda:0', grad_fn=<NllLossBackward0>)",0.493
367,"tensor(1.8398, device='cuda:0', grad_fn=<NllLossBackward0>)",0.483
368,"tensor(1.8265, device='cuda:0', grad_fn=<NllLossBackward0>)",0.489
369,"tensor(1.7825, device='cuda:0', grad_fn=<NllLossBackward0>)",0.479
370,"tensor(1.8469, device='cuda:0', grad_fn=<NllLossBackward0>)",0.483
371,"tensor(1.8514, device='cuda:0', grad_fn=<NllLossBackward0>)",0.472
372,"tensor(1.7470, device='cuda:0', grad_fn=<NllLossBackward0>)",0.523
373,"tensor(1.8153, device='cuda:0', grad_fn=<NllLossBackward0>)",0.492
374,"tensor(1.8165, device='cuda:0', grad_fn=<NllLossBackward0>)",0.485
375,"tensor(1.7220, device='cuda:0', grad_fn=<NllLossBackward0>)",0.534
376,"tensor(1.8177, device='cuda:0', grad_fn=<NllLossBackward0>)",0.506
377,"tensor(1.7868, device='cuda:0', grad_fn=<NllLossBackward0>)",0.521
378,"tensor(1.8069, device='cuda:0', grad_fn=<NllLossBackward0>)",0.49
379,"tensor(1.7933, device='cuda:0', grad_fn=<NllLossBackward0>)",0.494
380,"tensor(1.7181, device='cuda:0', grad_fn=<NllLossBackward0>)",0.499
381,"tensor(1.8289, device='cuda:0', grad_fn=<NllLossBackward0>)",0.479
382,"tensor(1.8580, device='cuda:0', grad_fn=<NllLossBackward0>)",0.48
383,"tensor(1.7899, device='cuda:0', grad_fn=<NllLossBackward0>)",0.496
384,"tensor(1.7329, device='cuda:0', grad_fn=<NllLossBackward0>)",0.497
385,"tensor(1.8175, device='cuda:0', grad_fn=<NllLossBackward0>)",0.459
386,"tensor(1.7276, device='cuda:0', grad_fn=<NllLossBackward0>)",0.488
387,"tensor(1.7616, device='cuda:0', grad_fn=<NllLossBackward0>)",0.499
388,"tensor(1.8007, device='cuda:0', grad_fn=<NllLossBackward0>)",0.487
389,"tensor(1.7266, device='cuda:0', grad_fn=<NllLossBackward0>)",0.51
390,"tensor(1.8119, device='cuda:0', grad_fn=<NllLossBackward0>)",0.466
391,"tensor(1.8424, device='cuda:0', grad_fn=<NllLossBackward0>)",0.491
392,"tensor(1.7693, device='cuda:0', grad_fn=<NllLossBackward0>)",0.483
393,"tensor(1.7722, device='cuda:0', grad_fn=<NllLossBackward0>)",0.481
394,"tensor(1.7414, device='cuda:0', grad_fn=<NllLossBackward0>)",0.516
395,"tensor(1.8605, device='cuda:0', grad_fn=<NllLossBackward0>)",0.457
396,"tensor(1.7847, device='cuda:0', grad_fn=<NllLossBackward0>)",0.491
397,"tensor(1.7466, device='cuda:0', grad_fn=<NllLossBackward0>)",0.525
398,"tensor(1.7849, device='cuda:0', grad_fn=<NllLossBackward0>)",0.476
399,"tensor(1.7932, device='cuda:0', grad_fn=<NllLossBackward0>)",0.507
400,"tensor(1.8463, device='cuda:0', grad_fn=<NllLossBackward0>)",0.492
401,"tensor(1.6711, device='cuda:0', grad_fn=<NllLossBackward0>)",0.532
402,"tensor(1.8382, device='cuda:0', grad_fn=<NllLossBackward0>)",0.499
403,"tensor(1.7820, device='cuda:0', grad_fn=<NllLossBackward0>)",0.501
404,"tensor(1.8895, device='cuda:0', grad_fn=<NllLossBackward0>)",0.478
405,"tensor(1.7966, device='cuda:0', grad_fn=<NllLossBackward0>)",0.493
406,"tensor(1.7446, device='cuda:0', grad_fn=<NllLossBackward0>)",0.497
407,"tensor(1.7646, device='cuda:0', grad_fn=<NllLossBackward0>)",0.502
408,"tensor(1.8763, device='cuda:0', grad_fn=<NllLossBackward0>)",0.47
409,"tensor(1.8200, device='cuda:0', grad_fn=<NllLossBackward0>)",0.499
410,"tensor(1.8259, device='cuda:0', grad_fn=<NllLossBackward0>)",0.468
411,"tensor(1.8455, device='cuda:0', grad_fn=<NllLossBackward0>)",0.476
412,"tensor(1.6350, device='cuda:0', grad_fn=<NllLossBackward0>)",0.517
413,"tensor(1.7560, device='cuda:0', grad_fn=<NllLossBackward0>)",0.522
414,"tensor(1.7490, device='cuda:0', grad_fn=<NllLossBackward0>)",0.502
415,"tensor(1.7777, device='cuda:0', grad_fn=<NllLossBackward0>)",0.497
416,"tensor(1.8585, device='cuda:0', grad_fn=<NllLossBackward0>)",0.502
417,"tensor(1.7616, device='cuda:0', grad_fn=<NllLossBackward0>)",0.514
418,"tensor(1.6296, device='cuda:0', grad_fn=<NllLossBackward0>)",0.525
419,"tensor(1.7836, device='cuda:0', grad_fn=<NllLossBackward0>)",0.484
420,"tensor(1.7200, device='cuda:0', grad_fn=<NllLossBackward0>)",0.508
421,"tensor(1.7035, device='cuda:0', grad_fn=<NllLossBackward0>)",0.517
422,"tensor(1.8075, device='cuda:0', grad_fn=<NllLossBackward0>)",0.496
423,"tensor(1.7607, device='cuda:0', grad_fn=<NllLossBackward0>)",0.522
424,"tensor(1.7737, device='cuda:0', grad_fn=<NllLossBackward0>)",0.505
425,"tensor(1.8655, device='cuda:0', grad_fn=<NllLossBackward0>)",0.495
426,"tensor(1.7869, device='cuda:0', grad_fn=<NllLossBackward0>)",0.492
427,"tensor(1.9104, device='cuda:0', grad_fn=<NllLossBackward0>)",0.48
428,"tensor(1.7607, device='cuda:0', grad_fn=<NllLossBackward0>)",0.505
429,"tensor(1.7317, device='cuda:0', grad_fn=<NllLossBackward0>)",0.506
430,"tensor(1.8001, device='cuda:0', grad_fn=<NllLossBackward0>)",0.494
431,"tensor(1.7415, device='cuda:0', grad_fn=<NllLossBackward0>)",0.507
432,"tensor(1.8009, device='cuda:0', grad_fn=<NllLossBackward0>)",0.469
433,"tensor(1.7250, device='cuda:0', grad_fn=<NllLossBackward0>)",0.505
434,"tensor(1.6963, device='cuda:0', grad_fn=<NllLossBackward0>)",0.524
435,"tensor(1.7625, device='cuda:0', grad_fn=<NllLossBackward0>)",0.512
436,"tensor(1.7683, device='cuda:0', grad_fn=<NllLossBackward0>)",0.497
437,"tensor(1.7133, device='cuda:0', grad_fn=<NllLossBackward0>)",0.51
438,"tensor(1.8071, device='cuda:0', grad_fn=<NllLossBackward0>)",0.481
439,"tensor(1.7085, device='cuda:0', grad_fn=<NllLossBackward0>)",0.507
440,"tensor(1.8537, device='cuda:0', grad_fn=<NllLossBackward0>)",0.477
441,"tensor(1.7900, device='cuda:0', grad_fn=<NllLossBackward0>)",0.482
442,"tensor(1.7601, device='cuda:0', grad_fn=<NllLossBackward0>)",0.504
443,"tensor(1.8031, device='cuda:0', grad_fn=<NllLossBackward0>)",0.478
444,"tensor(1.7899, device='cuda:0', grad_fn=<NllLossBackward0>)",0.475
445,"tensor(1.8485, device='cuda:0', grad_fn=<NllLossBackward0>)",0.476
446,"tensor(1.8216, device='cuda:0', grad_fn=<NllLossBackward0>)",0.493
447,"tensor(1.6971, device='cuda:0', grad_fn=<NllLossBackward0>)",0.553
448,"tensor(1.7842, device='cuda:0', grad_fn=<NllLossBackward0>)",0.493
449,"tensor(1.8088, device='cuda:0', grad_fn=<NllLossBackward0>)",0.494
450,"tensor(1.8271, device='cuda:0', grad_fn=<NllLossBackward0>)",0.489
451,"tensor(1.8045, device='cuda:0', grad_fn=<NllLossBackward0>)",0.481
452,"tensor(1.7508, device='cuda:0', grad_fn=<NllLossBackward0>)",0.495
453,"tensor(1.7122, device='cuda:0', grad_fn=<NllLossBackward0>)",0.519
454,"tensor(1.7108, device='cuda:0', grad_fn=<NllLossBackward0>)",0.523
455,"tensor(1.7999, device='cuda:0', grad_fn=<NllLossBackward0>)",0.507
456,"tensor(1.7934, device='cuda:0', grad_fn=<NllLossBackward0>)",0.503
457,"tensor(1.8303, device='cuda:0', grad_fn=<NllLossBackward0>)",0.493
458,"tensor(1.7327, device='cuda:0', grad_fn=<NllLossBackward0>)",0.497
459,"tensor(1.7235, device='cuda:0', grad_fn=<NllLossBackward0>)",0.532
460,"tensor(1.7423, device='cuda:0', grad_fn=<NllLossBackward0>)",0.507
461,"tensor(1.8342, device='cuda:0', grad_fn=<NllLossBackward0>)",0.493
462,"tensor(1.7037, device='cuda:0', grad_fn=<NllLossBackward0>)",0.529
463,"tensor(1.8044, device='cuda:0', grad_fn=<NllLossBackward0>)",0.494
464,"tensor(1.8199, device='cuda:0', grad_fn=<NllLossBackward0>)",0.488
465,"tensor(1.7590, device='cuda:0', grad_fn=<NllLossBackward0>)",0.495
466,"tensor(1.7656, device='cuda:0', grad_fn=<NllLossBackward0>)",0.498
467,"tensor(1.6739, device='cuda:0', grad_fn=<NllLossBackward0>)",0.542
468,"tensor(1.6646, device='cuda:0', grad_fn=<NllLossBackward0>)",0.522
469,"tensor(1.7920, device='cuda:0', grad_fn=<NllLossBackward0>)",0.491
470,"tensor(1.7359, device='cuda:0', grad_fn=<NllLossBackward0>)",0.489
471,"tensor(1.7735, device='cuda:0', grad_fn=<NllLossBackward0>)",0.477
472,"tensor(1.7028, device='cuda:0', grad_fn=<NllLossBackward0>)",0.517
473,"tensor(1.8167, device='cuda:0', grad_fn=<NllLossBackward0>)",0.499
474,"tensor(1.8498, device='cuda:0', grad_fn=<NllLossBackward0>)",0.49
475,"tensor(1.7751, device='cuda:0', grad_fn=<NllLossBackward0>)",0.497
476,"tensor(1.8366, device='cuda:0', grad_fn=<NllLossBackward0>)",0.477
477,"tensor(1.8091, device='cuda:0', grad_fn=<NllLossBackward0>)",0.496
478,"tensor(1.8178, device='cuda:0', grad_fn=<NllLossBackward0>)",0.478
479,"tensor(1.7825, device='cuda:0', grad_fn=<NllLossBackward0>)",0.495
480,"tensor(1.8015, device='cuda:0', grad_fn=<NllLossBackward0>)",0.46
481,"tensor(1.7280, device='cuda:0', grad_fn=<NllLossBackward0>)",0.5
482,"tensor(1.7425, device='cuda:0', grad_fn=<NllLossBackward0>)",0.494
483,"tensor(1.8630, device='cuda:0', grad_fn=<NllLossBackward0>)",0.48
484,"tensor(1.7985, device='cuda:0', grad_fn=<NllLossBackward0>)",0.475
485,"tensor(1.8002, device='cuda:0', grad_fn=<NllLossBackward0>)",0.485
486,"tensor(1.8548, device='cuda:0', grad_fn=<NllLossBackward0>)",0.481
487,"tensor(1.7404, device='cuda:0', grad_fn=<NllLossBackward0>)",0.511
488,"tensor(1.8041, device='cuda:0', grad_fn=<NllLossBackward0>)",0.49
489,"tensor(1.7737, device='cuda:0', grad_fn=<NllLossBackward0>)",0.499
490,"tensor(1.8393, device='cuda:0', grad_fn=<NllLossBackward0>)",0.44
491,"tensor(1.8075, device='cuda:0', grad_fn=<NllLossBackward0>)",0.477
492,"tensor(1.7095, device='cuda:0', grad_fn=<NllLossBackward0>)",0.508
493,"tensor(1.7564, device='cuda:0', grad_fn=<NllLossBackward0>)",0.506
494,"tensor(1.7516, device='cuda:0', grad_fn=<NllLossBackward0>)",0.482
495,"tensor(1.8168, device='cuda:0', grad_fn=<NllLossBackward0>)",0.474
496,"tensor(1.7659, device='cuda:0', grad_fn=<NllLossBackward0>)",0.503
497,"tensor(1.8210, device='cuda:0', grad_fn=<NllLossBackward0>)",0.489
498,"tensor(1.7553, device='cuda:0', grad_fn=<NllLossBackward0>)",0.488
499,"tensor(1.7980, device='cuda:0', grad_fn=<NllLossBackward0>)",0.522
500,"tensor(1.8461, device='cuda:0', grad_fn=<NllLossBackward0>)",0.47
501,"tensor(1.7270, device='cuda:0', grad_fn=<NllLossBackward0>)",0.49
502,"tensor(1.7807, device='cuda:0', grad_fn=<NllLossBackward0>)",0.503
503,"tensor(1.7306, device='cuda:0', grad_fn=<NllLossBackward0>)",0.494
504,"tensor(1.8813, device='cuda:0', grad_fn=<NllLossBackward0>)",0.469
505,"tensor(1.7254, device='cuda:0', grad_fn=<NllLossBackward0>)",0.491
506,"tensor(1.7664, device='cuda:0', grad_fn=<NllLossBackward0>)",0.505
507,"tensor(1.7859, device='cuda:0', grad_fn=<NllLossBackward0>)",0.508
508,"tensor(1.8024, device='cuda:0', grad_fn=<NllLossBackward0>)",0.489
509,"tensor(1.7222, device='cuda:0', grad_fn=<NllLossBackward0>)",0.513
510,"tensor(1.7881, device='cuda:0', grad_fn=<NllLossBackward0>)",0.502
511,"tensor(1.7990, device='cuda:0', grad_fn=<NllLossBackward0>)",0.507
512,"tensor(1.7708, device='cuda:0', grad_fn=<NllLossBackward0>)",0.508
513,"tensor(1.7094, device='cuda:0', grad_fn=<NllLossBackward0>)",0.516
514,"tensor(1.7497, device='cuda:0', grad_fn=<NllLossBackward0>)",0.498
515,"tensor(1.8171, device='cuda:0', grad_fn=<NllLossBackward0>)",0.501
516,"tensor(1.8004, device='cuda:0', grad_fn=<NllLossBackward0>)",0.495
517,"tensor(1.6745, device='cuda:0', grad_fn=<NllLossBackward0>)",0.529
518,"tensor(1.6976, device='cuda:0', grad_fn=<NllLossBackward0>)",0.513
519,"tensor(1.7062, device='cuda:0', grad_fn=<NllLossBackward0>)",0.522
520,"tensor(1.7678, device='cuda:0', grad_fn=<NllLossBackward0>)",0.5
521,"tensor(1.7810, device='cuda:0', grad_fn=<NllLossBackward0>)",0.494
522,"tensor(1.7345, device='cuda:0', grad_fn=<NllLossBackward0>)",0.507
523,"tensor(1.8720, device='cuda:0', grad_fn=<NllLossBackward0>)",0.49
524,"tensor(1.8429, device='cuda:0', grad_fn=<NllLossBackward0>)",0.5
525,"tensor(1.7652, device='cuda:0', grad_fn=<NllLossBackward0>)",0.51
526,"tensor(1.7999, device='cuda:0', grad_fn=<NllLossBackward0>)",0.499
527,"tensor(1.7724, device='cuda:0', grad_fn=<NllLossBackward0>)",0.511
528,"tensor(1.7806, device='cuda:0', grad_fn=<NllLossBackward0>)",0.498
529,"tensor(1.7576, device='cuda:0', grad_fn=<NllLossBackward0>)",0.473
530,"tensor(1.7481, device='cuda:0', grad_fn=<NllLossBackward0>)",0.5
531,"tensor(1.7816, device='cuda:0', grad_fn=<NllLossBackward0>)",0.506
532,"tensor(1.6986, device='cuda:0', grad_fn=<NllLossBackward0>)",0.514
533,"tensor(1.6881, device='cuda:0', grad_fn=<NllLossBackward0>)",0.517
534,"tensor(1.7527, device='cuda:0', grad_fn=<NllLossBackward0>)",0.502
535,"tensor(1.8170, device='cuda:0', grad_fn=<NllLossBackward0>)",0.49
536,"tensor(1.8149, device='cuda:0', grad_fn=<NllLossBackward0>)",0.49
537,"tensor(1.7042, device='cuda:0', grad_fn=<NllLossBackward0>)",0.518
538,"tensor(1.6973, device='cuda:0', grad_fn=<NllLossBackward0>)",0.521
539,"tensor(1.7815, device='cuda:0', grad_fn=<NllLossBackward0>)",0.491
540,"tensor(1.7510, device='cuda:0', grad_fn=<NllLossBackward0>)",0.526
541,"tensor(1.7327, device='cuda:0', grad_fn=<NllLossBackward0>)",0.481
542,"tensor(1.7348, device='cuda:0', grad_fn=<NllLossBackward0>)",0.516
543,"tensor(1.7316, device='cuda:0', grad_fn=<NllLossBackward0>)",0.508
544,"tensor(1.6632, device='cuda:0', grad_fn=<NllLossBackward0>)",0.503
545,"tensor(1.7469, device='cuda:0', grad_fn=<NllLossBackward0>)",0.513
546,"tensor(1.7097, device='cuda:0', grad_fn=<NllLossBackward0>)",0.502
547,"tensor(1.7863, device='cuda:0', grad_fn=<NllLossBackward0>)",0.491
548,"tensor(1.6732, device='cuda:0', grad_fn=<NllLossBackward0>)",0.499
549,"tensor(1.6665, device='cuda:0', grad_fn=<NllLossBackward0>)",0.517
550,"tensor(1.6931, device='cuda:0', grad_fn=<NllLossBackward0>)",0.511
551,"tensor(1.7152, device='cuda:0', grad_fn=<NllLossBackward0>)",0.512
552,"tensor(1.6867, device='cuda:0', grad_fn=<NllLossBackward0>)",0.515
553,"tensor(1.7328, device='cuda:0', grad_fn=<NllLossBackward0>)",0.505
554,"tensor(1.7460, device='cuda:0', grad_fn=<NllLossBackward0>)",0.494
555,"tensor(1.8202, device='cuda:0', grad_fn=<NllLossBackward0>)",0.498
556,"tensor(1.8517, device='cuda:0', grad_fn=<NllLossBackward0>)",0.51
557,"tensor(1.7801, device='cuda:0', grad_fn=<NllLossBackward0>)",0.516
558,"tensor(1.7629, device='cuda:0', grad_fn=<NllLossBackward0>)",0.494
559,"tensor(1.7400, device='cuda:0', grad_fn=<NllLossBackward0>)",0.503
560,"tensor(1.7043, device='cuda:0', grad_fn=<NllLossBackward0>)",0.513
561,"tensor(1.7262, device='cuda:0', grad_fn=<NllLossBackward0>)",0.509
562,"tensor(1.7479, device='cuda:0', grad_fn=<NllLossBackward0>)",0.509
563,"tensor(1.7666, device='cuda:0', grad_fn=<NllLossBackward0>)",0.51
564,"tensor(1.7399, device='cuda:0', grad_fn=<NllLossBackward0>)",0.508
565,"tensor(1.6723, device='cuda:0', grad_fn=<NllLossBackward0>)",0.525
566,"tensor(1.7121, device='cuda:0', grad_fn=<NllLossBackward0>)",0.531
567,"tensor(1.7538, device='cuda:0', grad_fn=<NllLossBackward0>)",0.511
568,"tensor(1.7574, device='cuda:0', grad_fn=<NllLossBackward0>)",0.508
569,"tensor(1.7129, device='cuda:0', grad_fn=<NllLossBackward0>)",0.524
570,"tensor(1.7549, device='cuda:0', grad_fn=<NllLossBackward0>)",0.504
571,"tensor(1.7730, device='cuda:0', grad_fn=<NllLossBackward0>)",0.481
572,"tensor(1.5968, device='cuda:0', grad_fn=<NllLossBackward0>)",0.53
573,"tensor(1.7014, device='cuda:0', grad_fn=<NllLossBackward0>)",0.51
574,"tensor(1.7279, device='cuda:0', grad_fn=<NllLossBackward0>)",0.535
575,"tensor(1.7306, device='cuda:0', grad_fn=<NllLossBackward0>)",0.502
576,"tensor(1.7215, device='cuda:0', grad_fn=<NllLossBackward0>)",0.518
577,"tensor(1.6689, device='cuda:0', grad_fn=<NllLossBackward0>)",0.523
578,"tensor(1.8145, device='cuda:0', grad_fn=<NllLossBackward0>)",0.517
579,"tensor(1.6675, device='cuda:0', grad_fn=<NllLossBackward0>)",0.511
580,"tensor(1.8204, device='cuda:0', grad_fn=<NllLossBackward0>)",0.498
581,"tensor(1.7185, device='cuda:0', grad_fn=<NllLossBackward0>)",0.524
582,"tensor(1.7084, device='cuda:0', grad_fn=<NllLossBackward0>)",0.512
583,"tensor(1.7215, device='cuda:0', grad_fn=<NllLossBackward0>)",0.51
584,"tensor(1.7562, device='cuda:0', grad_fn=<NllLossBackward0>)",0.481
585,"tensor(1.7882, device='cuda:0', grad_fn=<NllLossBackward0>)",0.501
586,"tensor(1.7465, device='cuda:0', grad_fn=<NllLossBackward0>)",0.492
587,"tensor(1.7713, device='cuda:0', grad_fn=<NllLossBackward0>)",0.507
588,"tensor(1.7112, device='cuda:0', grad_fn=<NllLossBackward0>)",0.522
589,"tensor(1.7557, device='cuda:0', grad_fn=<NllLossBackward0>)",0.484
590,"tensor(1.7761, device='cuda:0', grad_fn=<NllLossBackward0>)",0.496
591,"tensor(1.7957, device='cuda:0', grad_fn=<NllLossBackward0>)",0.526
592,"tensor(1.7808, device='cuda:0', grad_fn=<NllLossBackward0>)",0.478
593,"tensor(1.7394, device='cuda:0', grad_fn=<NllLossBackward0>)",0.523
594,"tensor(1.6576, device='cuda:0', grad_fn=<NllLossBackward0>)",0.508
595,"tensor(1.7346, device='cuda:0', grad_fn=<NllLossBackward0>)",0.515
596,"tensor(1.7963, device='cuda:0', grad_fn=<NllLossBackward0>)",0.507
597,"tensor(1.7260, device='cuda:0', grad_fn=<NllLossBackward0>)",0.519
598,"tensor(1.7025, device='cuda:0', grad_fn=<NllLossBackward0>)",0.512
599,"tensor(1.7870, device='cuda:0', grad_fn=<NllLossBackward0>)",0.507
600,"tensor(1.7979, device='cuda:0', grad_fn=<NllLossBackward0>)",0.488
601,"tensor(1.6688, device='cuda:0', grad_fn=<NllLossBackward0>)",0.518
602,"tensor(1.6882, device='cuda:0', grad_fn=<NllLossBackward0>)",0.5
603,"tensor(1.7523, device='cuda:0', grad_fn=<NllLossBackward0>)",0.503
604,"tensor(1.7959, device='cuda:0', grad_fn=<NllLossBackward0>)",0.499
605,"tensor(1.7670, device='cuda:0', grad_fn=<NllLossBackward0>)",0.513
606,"tensor(1.7339, device='cuda:0', grad_fn=<NllLossBackward0>)",0.52
607,"tensor(1.6812, device='cuda:0', grad_fn=<NllLossBackward0>)",0.528
608,"tensor(1.7840, device='cuda:0', grad_fn=<NllLossBackward0>)",0.484
609,"tensor(1.6822, device='cuda:0', grad_fn=<NllLossBackward0>)",0.524
610,"tensor(1.7578, device='cuda:0', grad_fn=<NllLossBackward0>)",0.5
611,"tensor(1.6733, device='cuda:0', grad_fn=<NllLossBackward0>)",0.526
612,"tensor(1.7921, device='cuda:0', grad_fn=<NllLossBackward0>)",0.507
613,"tensor(1.8066, device='cuda:0', grad_fn=<NllLossBackward0>)",0.506
614,"tensor(1.7787, device='cuda:0', grad_fn=<NllLossBackward0>)",0.488
615,"tensor(1.7244, device='cuda:0', grad_fn=<NllLossBackward0>)",0.504
616,"tensor(1.7066, device='cuda:0', grad_fn=<NllLossBackward0>)",0.512
617,"tensor(1.6905, device='cuda:0', grad_fn=<NllLossBackward0>)",0.521
618,"tensor(1.7193, device='cuda:0', grad_fn=<NllLossBackward0>)",0.511
619,"tensor(1.7970, device='cuda:0', grad_fn=<NllLossBackward0>)",0.508
620,"tensor(1.7273, device='cuda:0', grad_fn=<NllLossBackward0>)",0.518
621,"tensor(1.7540, device='cuda:0', grad_fn=<NllLossBackward0>)",0.497
622,"tensor(1.6400, device='cuda:0', grad_fn=<NllLossBackward0>)",0.529
623,"tensor(1.8243, device='cuda:0', grad_fn=<NllLossBackward0>)",0.482
624,"tensor(1.7288, device='cuda:0', grad_fn=<NllLossBackward0>)",0.505
625,"tensor(1.7617, device='cuda:0', grad_fn=<NllLossBackward0>)",0.479
626,"tensor(1.7369, device='cuda:0', grad_fn=<NllLossBackward0>)",0.507
627,"tensor(1.7837, device='cuda:0', grad_fn=<NllLossBackward0>)",0.487
628,"tensor(1.5906, device='cuda:0', grad_fn=<NllLossBackward0>)",0.538
629,"tensor(1.7716, device='cuda:0', grad_fn=<NllLossBackward0>)",0.483
630,"tensor(1.7213, device='cuda:0', grad_fn=<NllLossBackward0>)",0.541
631,"tensor(1.7798, device='cuda:0', grad_fn=<NllLossBackward0>)",0.498
632,"tensor(1.7260, device='cuda:0', grad_fn=<NllLossBackward0>)",0.507
633,"tensor(1.6982, device='cuda:0', grad_fn=<NllLossBackward0>)",0.512
634,"tensor(1.7724, device='cuda:0', grad_fn=<NllLossBackward0>)",0.493
635,"tensor(1.7418, device='cuda:0', grad_fn=<NllLossBackward0>)",0.505
636,"tensor(1.7838, device='cuda:0', grad_fn=<NllLossBackward0>)",0.505
637,"tensor(1.8076, device='cuda:0', grad_fn=<NllLossBackward0>)",0.483
638,"tensor(1.6990, device='cuda:0', grad_fn=<NllLossBackward0>)",0.511
639,"tensor(1.7639, device='cuda:0', grad_fn=<NllLossBackward0>)",0.514
640,"tensor(1.6476, device='cuda:0', grad_fn=<NllLossBackward0>)",0.539
641,"tensor(1.7583, device='cuda:0', grad_fn=<NllLossBackward0>)",0.498
642,"tensor(1.7717, device='cuda:0', grad_fn=<NllLossBackward0>)",0.497
643,"tensor(1.6967, device='cuda:0', grad_fn=<NllLossBackward0>)",0.518
644,"tensor(1.7477, device='cuda:0', grad_fn=<NllLossBackward0>)",0.496
645,"tensor(1.7329, device='cuda:0', grad_fn=<NllLossBackward0>)",0.507
646,"tensor(1.7538, device='cuda:0', grad_fn=<NllLossBackward0>)",0.507
647,"tensor(1.6430, device='cuda:0', grad_fn=<NllLossBackward0>)",0.548
648,"tensor(1.7997, device='cuda:0', grad_fn=<NllLossBackward0>)",0.51
649,"tensor(1.8405, device='cuda:0', grad_fn=<NllLossBackward0>)",0.47
650,"tensor(1.6824, device='cuda:0', grad_fn=<NllLossBackward0>)",0.524
651,"tensor(1.6950, device='cuda:0', grad_fn=<NllLossBackward0>)",0.526
652,"tensor(1.6379, device='cuda:0', grad_fn=<NllLossBackward0>)",0.531
653,"tensor(1.7402, device='cuda:0', grad_fn=<NllLossBackward0>)",0.523
654,"tensor(1.7142, device='cuda:0', grad_fn=<NllLossBackward0>)",0.507
655,"tensor(1.8153, device='cuda:0', grad_fn=<NllLossBackward0>)",0.483
656,"tensor(1.6187, device='cuda:0', grad_fn=<NllLossBackward0>)",0.552
657,"tensor(1.7168, device='cuda:0', grad_fn=<NllLossBackward0>)",0.509
658,"tensor(1.8291, device='cuda:0', grad_fn=<NllLossBackward0>)",0.498
659,"tensor(1.7192, device='cuda:0', grad_fn=<NllLossBackward0>)",0.511
660,"tensor(1.7343, device='cuda:0', grad_fn=<NllLossBackward0>)",0.524
661,"tensor(1.7072, device='cuda:0', grad_fn=<NllLossBackward0>)",0.517
662,"tensor(1.6175, device='cuda:0', grad_fn=<NllLossBackward0>)",0.548
663,"tensor(1.6945, device='cuda:0', grad_fn=<NllLossBackward0>)",0.518
664,"tensor(1.7362, device='cuda:0', grad_fn=<NllLossBackward0>)",0.5
665,"tensor(1.7116, device='cuda:0', grad_fn=<NllLossBackward0>)",0.527
666,"tensor(1.8292, device='cuda:0', grad_fn=<NllLossBackward0>)",0.477
667,"tensor(1.5762, device='cuda:0', grad_fn=<NllLossBackward0>)",0.536
668,"tensor(1.8006, device='cuda:0', grad_fn=<NllLossBackward0>)",0.462
669,"tensor(1.8027, device='cuda:0', grad_fn=<NllLossBackward0>)",0.492
670,"tensor(1.7946, device='cuda:0', grad_fn=<NllLossBackward0>)",0.48
671,"tensor(1.6969, device='cuda:0', grad_fn=<NllLossBackward0>)",0.514
672,"tensor(1.7260, device='cuda:0', grad_fn=<NllLossBackward0>)",0.518
673,"tensor(1.6052, device='cuda:0', grad_fn=<NllLossBackward0>)",0.548
674,"tensor(1.7303, device='cuda:0', grad_fn=<NllLossBackward0>)",0.518
675,"tensor(1.7662, device='cuda:0', grad_fn=<NllLossBackward0>)",0.495
676,"tensor(1.7226, device='cuda:0', grad_fn=<NllLossBackward0>)",0.516
677,"tensor(1.6741, device='cuda:0', grad_fn=<NllLossBackward0>)",0.521
678,"tensor(1.7044, device='cuda:0', grad_fn=<NllLossBackward0>)",0.513
679,"tensor(1.7223, device='cuda:0', grad_fn=<NllLossBackward0>)",0.49
680,"tensor(1.8350, device='cuda:0', grad_fn=<NllLossBackward0>)",0.516
681,"tensor(1.7237, device='cuda:0', grad_fn=<NllLossBackward0>)",0.511
682,"tensor(1.6749, device='cuda:0', grad_fn=<NllLossBackward0>)",0.52
683,"tensor(1.7500, device='cuda:0', grad_fn=<NllLossBackward0>)",0.524
684,"tensor(1.7465, device='cuda:0', grad_fn=<NllLossBackward0>)",0.516
685,"tensor(1.6471, device='cuda:0', grad_fn=<NllLossBackward0>)",0.517
686,"tensor(1.6616, device='cuda:0', grad_fn=<NllLossBackward0>)",0.514
687,"tensor(1.6177, device='cuda:0', grad_fn=<NllLossBackward0>)",0.528
688,"tensor(1.7390, device='cuda:0', grad_fn=<NllLossBackward0>)",0.514
689,"tensor(1.7016, device='cuda:0', grad_fn=<NllLossBackward0>)",0.5
690,"tensor(1.6909, device='cuda:0', grad_fn=<NllLossBackward0>)",0.523
691,"tensor(1.6261, device='cuda:0', grad_fn=<NllLossBackward0>)",0.543
692,"tensor(1.7419, device='cuda:0', grad_fn=<NllLossBackward0>)",0.511
693,"tensor(1.7014, device='cuda:0', grad_fn=<NllLossBackward0>)",0.528
694,"tensor(1.7660, device='cuda:0', grad_fn=<NllLossBackward0>)",0.497
695,"tensor(1.6146, device='cuda:0', grad_fn=<NllLossBackward0>)",0.534
696,"tensor(1.6697, device='cuda:0', grad_fn=<NllLossBackward0>)",0.522
697,"tensor(1.8185, device='cuda:0', grad_fn=<NllLossBackward0>)",0.494
698,"tensor(1.7584, device='cuda:0', grad_fn=<NllLossBackward0>)",0.497
699,"tensor(1.6668, device='cuda:0', grad_fn=<NllLossBackward0>)",0.521
700,"tensor(1.6688, device='cuda:0', grad_fn=<NllLossBackward0>)",0.529
701,"tensor(1.8308, device='cuda:0', grad_fn=<NllLossBackward0>)",0.497
702,"tensor(1.6038, device='cuda:0', grad_fn=<NllLossBackward0>)",0.544
703,"tensor(1.6666, device='cuda:0', grad_fn=<NllLossBackward0>)",0.534
704,"tensor(1.6979, device='cuda:0', grad_fn=<NllLossBackward0>)",0.504
705,"tensor(1.6518, device='cuda:0', grad_fn=<NllLossBackward0>)",0.522
706,"tensor(1.7828, device='cuda:0', grad_fn=<NllLossBackward0>)",0.515
707,"tensor(1.7358, device='cuda:0', grad_fn=<NllLossBackward0>)",0.501
708,"tensor(1.6916, device='cuda:0', grad_fn=<NllLossBackward0>)",0.499
709,"tensor(1.7119, device='cuda:0', grad_fn=<NllLossBackward0>)",0.5
710,"tensor(1.7422, device='cuda:0', grad_fn=<NllLossBackward0>)",0.511
711,"tensor(1.7515, device='cuda:0', grad_fn=<NllLossBackward0>)",0.511
712,"tensor(1.7684, device='cuda:0', grad_fn=<NllLossBackward0>)",0.492
713,"tensor(1.8104, device='cuda:0', grad_fn=<NllLossBackward0>)",0.489
714,"tensor(1.6720, device='cuda:0', grad_fn=<NllLossBackward0>)",0.511
715,"tensor(1.7420, device='cuda:0', grad_fn=<NllLossBackward0>)",0.513
716,"tensor(1.6943, device='cuda:0', grad_fn=<NllLossBackward0>)",0.528
717,"tensor(1.7285, device='cuda:0', grad_fn=<NllLossBackward0>)",0.489
718,"tensor(1.6829, device='cuda:0', grad_fn=<NllLossBackward0>)",0.488
719,"tensor(1.7162, device='cuda:0', grad_fn=<NllLossBackward0>)",0.523
720,"tensor(1.7629, device='cuda:0', grad_fn=<NllLossBackward0>)",0.498
721,"tensor(1.6972, device='cuda:0', grad_fn=<NllLossBackward0>)",0.509
722,"tensor(1.7629, device='cuda:0', grad_fn=<NllLossBackward0>)",0.505
723,"tensor(1.6658, device='cuda:0', grad_fn=<NllLossBackward0>)",0.523
724,"tensor(1.7014, device='cuda:0', grad_fn=<NllLossBackward0>)",0.516
725,"tensor(1.6548, device='cuda:0', grad_fn=<NllLossBackward0>)",0.519
726,"tensor(1.6594, device='cuda:0', grad_fn=<NllLossBackward0>)",0.53
727,"tensor(1.7150, device='cuda:0', grad_fn=<NllLossBackward0>)",0.499
728,"tensor(1.7171, device='cuda:0', grad_fn=<NllLossBackward0>)",0.517
729,"tensor(1.6837, device='cuda:0', grad_fn=<NllLossBackward0>)",0.512
730,"tensor(1.7153, device='cuda:0', grad_fn=<NllLossBackward0>)",0.495
731,"tensor(1.6358, device='cuda:0', grad_fn=<NllLossBackward0>)",0.534
732,"tensor(1.7071, device='cuda:0', grad_fn=<NllLossBackward0>)",0.539
733,"tensor(1.6511, device='cuda:0', grad_fn=<NllLossBackward0>)",0.518
734,"tensor(1.6116, device='cuda:0', grad_fn=<NllLossBackward0>)",0.537
735,"tensor(1.7201, device='cuda:0', grad_fn=<NllLossBackward0>)",0.503
736,"tensor(1.7848, device='cuda:0', grad_fn=<NllLossBackward0>)",0.496
737,"tensor(1.6638, device='cuda:0', grad_fn=<NllLossBackward0>)",0.524
738,"tensor(1.5941, device='cuda:0', grad_fn=<NllLossBackward0>)",0.535
739,"tensor(1.6782, device='cuda:0', grad_fn=<NllLossBackward0>)",0.532
740,"tensor(1.7163, device='cuda:0', grad_fn=<NllLossBackward0>)",0.507
741,"tensor(1.6213, device='cuda:0', grad_fn=<NllLossBackward0>)",0.516
742,"tensor(1.7611, device='cuda:0', grad_fn=<NllLossBackward0>)",0.495
743,"tensor(1.6433, device='cuda:0', grad_fn=<NllLossBackward0>)",0.521
744,"tensor(1.7800, device='cuda:0', grad_fn=<NllLossBackward0>)",0.489
745,"tensor(1.7550, device='cuda:0', grad_fn=<NllLossBackward0>)",0.496
746,"tensor(1.6832, device='cuda:0', grad_fn=<NllLossBackward0>)",0.503
747,"tensor(1.7389, device='cuda:0', grad_fn=<NllLossBackward0>)",0.513
748,"tensor(1.7038, device='cuda:0', grad_fn=<NllLossBackward0>)",0.508
749,"tensor(1.7779, device='cuda:0', grad_fn=<NllLossBackward0>)",0.498
750,"tensor(1.6970, device='cuda:0', grad_fn=<NllLossBackward0>)",0.505
751,"tensor(1.7591, device='cuda:0', grad_fn=<NllLossBackward0>)",0.487
752,"tensor(1.7040, device='cuda:0', grad_fn=<NllLossBackward0>)",0.511
753,"tensor(1.7209, device='cuda:0', grad_fn=<NllLossBackward0>)",0.499
754,"tensor(1.5888, device='cuda:0', grad_fn=<NllLossBackward0>)",0.539
755,"tensor(1.6094, device='cuda:0', grad_fn=<NllLossBackward0>)",0.508
756,"tensor(1.7258, device='cuda:0', grad_fn=<NllLossBackward0>)",0.481
757,"tensor(1.6330, device='cuda:0', grad_fn=<NllLossBackward0>)",0.527
758,"tensor(1.6470, device='cuda:0', grad_fn=<NllLossBackward0>)",0.545
759,"tensor(1.7725, device='cuda:0', grad_fn=<NllLossBackward0>)",0.505
760,"tensor(1.7895, device='cuda:0', grad_fn=<NllLossBackward0>)",0.485
761,"tensor(1.6600, device='cuda:0', grad_fn=<NllLossBackward0>)",0.509
762,"tensor(1.7884, device='cuda:0', grad_fn=<NllLossBackward0>)",0.497
763,"tensor(1.6668, device='cuda:0', grad_fn=<NllLossBackward0>)",0.507
764,"tensor(1.7171, device='cuda:0', grad_fn=<NllLossBackward0>)",0.51
765,"tensor(1.7459, device='cuda:0', grad_fn=<NllLossBackward0>)",0.488
766,"tensor(1.7711, device='cuda:0', grad_fn=<NllLossBackward0>)",0.504
767,"tensor(1.8163, device='cuda:0', grad_fn=<NllLossBackward0>)",0.49
768,"tensor(1.7535, device='cuda:0', grad_fn=<NllLossBackward0>)",0.488
769,"tensor(1.6647, device='cuda:0', grad_fn=<NllLossBackward0>)",0.532
770,"tensor(1.7362, device='cuda:0', grad_fn=<NllLossBackward0>)",0.484
771,"tensor(1.7285, device='cuda:0', grad_fn=<NllLossBackward0>)",0.506
772,"tensor(1.7300, device='cuda:0', grad_fn=<NllLossBackward0>)",0.514
773,"tensor(1.7308, device='cuda:0', grad_fn=<NllLossBackward0>)",0.495
774,"tensor(1.6746, device='cuda:0', grad_fn=<NllLossBackward0>)",0.515
775,"tensor(1.8029, device='cuda:0', grad_fn=<NllLossBackward0>)",0.475
776,"tensor(1.6611, device='cuda:0', grad_fn=<NllLossBackward0>)",0.531
777,"tensor(1.6845, device='cuda:0', grad_fn=<NllLossBackward0>)",0.54
778,"tensor(1.6822, device='cuda:0', grad_fn=<NllLossBackward0>)",0.532
779,"tensor(1.8011, device='cuda:0', grad_fn=<NllLossBackward0>)",0.503
780,"tensor(1.7408, device='cuda:0', grad_fn=<NllLossBackward0>)",0.495
781,"tensor(1.6803, device='cuda:0', grad_fn=<NllLossBackward0>)",0.514
782,"tensor(1.7040, device='cuda:0', grad_fn=<NllLossBackward0>)",0.513
783,"tensor(1.7128, device='cuda:0', grad_fn=<NllLossBackward0>)",0.512
784,"tensor(1.7034, device='cuda:0', grad_fn=<NllLossBackward0>)",0.531
785,"tensor(1.6890, device='cuda:0', grad_fn=<NllLossBackward0>)",0.502
786,"tensor(1.6007, device='cuda:0', grad_fn=<NllLossBackward0>)",0.531
787,"tensor(1.6724, device='cuda:0', grad_fn=<NllLossBackward0>)",0.524
788,"tensor(1.6970, device='cuda:0', grad_fn=<NllLossBackward0>)",0.509
789,"tensor(1.6932, device='cuda:0', grad_fn=<NllLossBackward0>)",0.509
790,"tensor(1.7862, device='cuda:0', grad_fn=<NllLossBackward0>)",0.489
791,"tensor(1.6884, device='cuda:0', grad_fn=<NllLossBackward0>)",0.507
792,"tensor(1.7033, device='cuda:0', grad_fn=<NllLossBackward0>)",0.521
793,"tensor(1.7361, device='cuda:0', grad_fn=<NllLossBackward0>)",0.493
794,"tensor(1.7238, device='cuda:0', grad_fn=<NllLossBackward0>)",0.497
795,"tensor(1.6384, device='cuda:0', grad_fn=<NllLossBackward0>)",0.511
796,"tensor(1.7146, device='cuda:0', grad_fn=<NllLossBackward0>)",0.494
797,"tensor(1.7828, device='cuda:0', grad_fn=<NllLossBackward0>)",0.497
798,"tensor(1.7287, device='cuda:0', grad_fn=<NllLossBackward0>)",0.495
799,"tensor(1.5633, device='cuda:0', grad_fn=<NllLossBackward0>)",0.564
800,"tensor(1.6306, device='cuda:0', grad_fn=<NllLossBackward0>)",0.528
801,"tensor(1.7522, device='cuda:0', grad_fn=<NllLossBackward0>)",0.505
802,"tensor(1.6789, device='cuda:0', grad_fn=<NllLossBackward0>)",0.513
803,"tensor(1.6585, device='cuda:0', grad_fn=<NllLossBackward0>)",0.529
804,"tensor(1.7190, device='cuda:0', grad_fn=<NllLossBackward0>)",0.528
805,"tensor(1.6475, device='cuda:0', grad_fn=<NllLossBackward0>)",0.524
806,"tensor(1.7384, device='cuda:0', grad_fn=<NllLossBackward0>)",0.513
807,"tensor(1.7061, device='cuda:0', grad_fn=<NllLossBackward0>)",0.496
808,"tensor(1.6833, device='cuda:0', grad_fn=<NllLossBackward0>)",0.539
809,"tensor(1.7045, device='cuda:0', grad_fn=<NllLossBackward0>)",0.528
810,"tensor(1.7027, device='cuda:0', grad_fn=<NllLossBackward0>)",0.524
811,"tensor(1.7484, device='cuda:0', grad_fn=<NllLossBackward0>)",0.519
812,"tensor(1.6812, device='cuda:0', grad_fn=<NllLossBackward0>)",0.531
813,"tensor(1.6507, device='cuda:0', grad_fn=<NllLossBackward0>)",0.512
814,"tensor(1.8044, device='cuda:0', grad_fn=<NllLossBackward0>)",0.481
815,"tensor(1.6777, device='cuda:0', grad_fn=<NllLossBackward0>)",0.532
816,"tensor(1.7333, device='cuda:0', grad_fn=<NllLossBackward0>)",0.495
817,"tensor(1.7238, device='cuda:0', grad_fn=<NllLossBackward0>)",0.51
818,"tensor(1.6653, device='cuda:0', grad_fn=<NllLossBackward0>)",0.497
819,"tensor(1.7816, device='cuda:0', grad_fn=<NllLossBackward0>)",0.502
820,"tensor(1.6144, device='cuda:0', grad_fn=<NllLossBackward0>)",0.539
821,"tensor(1.6748, device='cuda:0', grad_fn=<NllLossBackward0>)",0.537
822,"tensor(1.7025, device='cuda:0', grad_fn=<NllLossBackward0>)",0.528
823,"tensor(1.6761, device='cuda:0', grad_fn=<NllLossBackward0>)",0.519
824,"tensor(1.6507, device='cuda:0', grad_fn=<NllLossBackward0>)",0.537
825,"tensor(1.7081, device='cuda:0', grad_fn=<NllLossBackward0>)",0.498
826,"tensor(1.6593, device='cuda:0', grad_fn=<NllLossBackward0>)",0.507
827,"tensor(1.6768, device='cuda:0', grad_fn=<NllLossBackward0>)",0.51
828,"tensor(1.5076, device='cuda:0', grad_fn=<NllLossBackward0>)",0.577
829,"tensor(1.7887, device='cuda:0', grad_fn=<NllLossBackward0>)",0.516
830,"tensor(1.6389, device='cuda:0', grad_fn=<NllLossBackward0>)",0.544
831,"tensor(1.7134, device='cuda:0', grad_fn=<NllLossBackward0>)",0.525
832,"tensor(1.6294, device='cuda:0', grad_fn=<NllLossBackward0>)",0.532
833,"tensor(1.6247, device='cuda:0', grad_fn=<NllLossBackward0>)",0.522
834,"tensor(1.7591, device='cuda:0', grad_fn=<NllLossBackward0>)",0.499
835,"tensor(1.7246, device='cuda:0', grad_fn=<NllLossBackward0>)",0.492
836,"tensor(1.6746, device='cuda:0', grad_fn=<NllLossBackward0>)",0.53
837,"tensor(1.5786, device='cuda:0', grad_fn=<NllLossBackward0>)",0.528
838,"tensor(1.7349, device='cuda:0', grad_fn=<NllLossBackward0>)",0.524
839,"tensor(1.6038, device='cuda:0', grad_fn=<NllLossBackward0>)",0.535
840,"tensor(1.7635, device='cuda:0', grad_fn=<NllLossBackward0>)",0.519
841,"tensor(1.8223, device='cuda:0', grad_fn=<NllLossBackward0>)",0.498
842,"tensor(1.5816, device='cuda:0', grad_fn=<NllLossBackward0>)",0.551
843,"tensor(1.7706, device='cuda:0', grad_fn=<NllLossBackward0>)",0.493
844,"tensor(1.7347, device='cuda:0', grad_fn=<NllLossBackward0>)",0.517
845,"tensor(1.7087, device='cuda:0', grad_fn=<NllLossBackward0>)",0.513
846,"tensor(1.6823, device='cuda:0', grad_fn=<NllLossBackward0>)",0.509
847,"tensor(1.6365, device='cuda:0', grad_fn=<NllLossBackward0>)",0.536
848,"tensor(1.6439, device='cuda:0', grad_fn=<NllLossBackward0>)",0.54
849,"tensor(1.6525, device='cuda:0', grad_fn=<NllLossBackward0>)",0.546
850,"tensor(1.6837, device='cuda:0', grad_fn=<NllLossBackward0>)",0.523
851,"tensor(1.6630, device='cuda:0', grad_fn=<NllLossBackward0>)",0.517
852,"tensor(1.7251, device='cuda:0', grad_fn=<NllLossBackward0>)",0.51
853,"tensor(1.6557, device='cuda:0', grad_fn=<NllLossBackward0>)",0.534
854,"tensor(1.6782, device='cuda:0', grad_fn=<NllLossBackward0>)",0.511
855,"tensor(1.6801, device='cuda:0', grad_fn=<NllLossBackward0>)",0.501
856,"tensor(1.6873, device='cuda:0', grad_fn=<NllLossBackward0>)",0.511
857,"tensor(1.6760, device='cuda:0', grad_fn=<NllLossBackward0>)",0.505
858,"tensor(1.6741, device='cuda:0', grad_fn=<NllLossBackward0>)",0.544
859,"tensor(1.8230, device='cuda:0', grad_fn=<NllLossBackward0>)",0.48
860,"tensor(1.6868, device='cuda:0', grad_fn=<NllLossBackward0>)",0.516
861,"tensor(1.7260, device='cuda:0', grad_fn=<NllLossBackward0>)",0.516
862,"tensor(1.7486, device='cuda:0', grad_fn=<NllLossBackward0>)",0.492
863,"tensor(1.6892, device='cuda:0', grad_fn=<NllLossBackward0>)",0.519
864,"tensor(1.5765, device='cuda:0', grad_fn=<NllLossBackward0>)",0.542
865,"tensor(1.7261, device='cuda:0', grad_fn=<NllLossBackward0>)",0.524
866,"tensor(1.6708, device='cuda:0', grad_fn=<NllLossBackward0>)",0.53
867,"tensor(1.6890, device='cuda:0', grad_fn=<NllLossBackward0>)",0.514
868,"tensor(1.6100, device='cuda:0', grad_fn=<NllLossBackward0>)",0.538
869,"tensor(1.7099, device='cuda:0', grad_fn=<NllLossBackward0>)",0.501
870,"tensor(1.6083, device='cuda:0', grad_fn=<NllLossBackward0>)",0.526
871,"tensor(1.5880, device='cuda:0', grad_fn=<NllLossBackward0>)",0.539
872,"tensor(1.6716, device='cuda:0', grad_fn=<NllLossBackward0>)",0.519
873,"tensor(1.6287, device='cuda:0', grad_fn=<NllLossBackward0>)",0.521
874,"tensor(1.7025, device='cuda:0', grad_fn=<NllLossBackward0>)",0.53
875,"tensor(1.6655, device='cuda:0', grad_fn=<NllLossBackward0>)",0.527
876,"tensor(1.7069, device='cuda:0', grad_fn=<NllLossBackward0>)",0.515
877,"tensor(1.6992, device='cuda:0', grad_fn=<NllLossBackward0>)",0.491
878,"tensor(1.6330, device='cuda:0', grad_fn=<NllLossBackward0>)",0.529
879,"tensor(1.6882, device='cuda:0', grad_fn=<NllLossBackward0>)",0.522
880,"tensor(1.6499, device='cuda:0', grad_fn=<NllLossBackward0>)",0.527
881,"tensor(1.6664, device='cuda:0', grad_fn=<NllLossBackward0>)",0.537
882,"tensor(1.8192, device='cuda:0', grad_fn=<NllLossBackward0>)",0.467
883,"tensor(1.7000, device='cuda:0', grad_fn=<NllLossBackward0>)",0.511
884,"tensor(1.6106, device='cuda:0', grad_fn=<NllLossBackward0>)",0.536
885,"tensor(1.7244, device='cuda:0', grad_fn=<NllLossBackward0>)",0.527
886,"tensor(1.6588, device='cuda:0', grad_fn=<NllLossBackward0>)",0.522
887,"tensor(1.6741, device='cuda:0', grad_fn=<NllLossBackward0>)",0.529
888,"tensor(1.8184, device='cuda:0', grad_fn=<NllLossBackward0>)",0.494
889,"tensor(1.7316, device='cuda:0', grad_fn=<NllLossBackward0>)",0.5
890,"tensor(1.6797, device='cuda:0', grad_fn=<NllLossBackward0>)",0.511
891,"tensor(1.6969, device='cuda:0', grad_fn=<NllLossBackward0>)",0.512
892,"tensor(1.6627, device='cuda:0', grad_fn=<NllLossBackward0>)",0.502
893,"tensor(1.7468, device='cuda:0', grad_fn=<NllLossBackward0>)",0.506
894,"tensor(1.6930, device='cuda:0', grad_fn=<NllLossBackward0>)",0.527
895,"tensor(1.7677, device='cuda:0', grad_fn=<NllLossBackward0>)",0.505
896,"tensor(1.6901, device='cuda:0', grad_fn=<NllLossBackward0>)",0.53
897,"tensor(1.6700, device='cuda:0', grad_fn=<NllLossBackward0>)",0.531
898,"tensor(1.6793, device='cuda:0', grad_fn=<NllLossBackward0>)",0.54
899,"tensor(1.7232, device='cuda:0', grad_fn=<NllLossBackward0>)",0.49
900,"tensor(1.7253, device='cuda:0', grad_fn=<NllLossBackward0>)",0.517
901,"tensor(1.7251, device='cuda:0', grad_fn=<NllLossBackward0>)",0.525
902,"tensor(1.6129, device='cuda:0', grad_fn=<NllLossBackward0>)",0.546
903,"tensor(1.6522, device='cuda:0', grad_fn=<NllLossBackward0>)",0.541
904,"tensor(1.6222, device='cuda:0', grad_fn=<NllLossBackward0>)",0.538
905,"tensor(1.7609, device='cuda:0', grad_fn=<NllLossBackward0>)",0.519
906,"tensor(1.5744, device='cuda:0', grad_fn=<NllLossBackward0>)",0.528
907,"tensor(1.7224, device='cuda:0', grad_fn=<NllLossBackward0>)",0.53
908,"tensor(1.7332, device='cuda:0', grad_fn=<NllLossBackward0>)",0.516
909,"tensor(1.6155, device='cuda:0', grad_fn=<NllLossBackward0>)",0.539
910,"tensor(1.6571, device='cuda:0', grad_fn=<NllLossBackward0>)",0.531
911,"tensor(1.7185, device='cuda:0', grad_fn=<NllLossBackward0>)",0.511
912,"tensor(1.6191, device='cuda:0', grad_fn=<NllLossBackward0>)",0.545
913,"tensor(1.6738, device='cuda:0', grad_fn=<NllLossBackward0>)",0.508
914,"tensor(1.7003, device='cuda:0', grad_fn=<NllLossBackward0>)",0.515
915,"tensor(1.7188, device='cuda:0', grad_fn=<NllLossBackward0>)",0.513
916,"tensor(1.7131, device='cuda:0', grad_fn=<NllLossBackward0>)",0.513
917,"tensor(1.5557, device='cuda:0', grad_fn=<NllLossBackward0>)",0.545
918,"tensor(1.7047, device='cuda:0', grad_fn=<NllLossBackward0>)",0.541
919,"tensor(1.7712, device='cuda:0', grad_fn=<NllLossBackward0>)",0.508
920,"tensor(1.7008, device='cuda:0', grad_fn=<NllLossBackward0>)",0.505
921,"tensor(1.6241, device='cuda:0', grad_fn=<NllLossBackward0>)",0.525
922,"tensor(1.6837, device='cuda:0', grad_fn=<NllLossBackward0>)",0.507
923,"tensor(1.7225, device='cuda:0', grad_fn=<NllLossBackward0>)",0.517
924,"tensor(1.7528, device='cuda:0', grad_fn=<NllLossBackward0>)",0.515
925,"tensor(1.6491, device='cuda:0', grad_fn=<NllLossBackward0>)",0.517
926,"tensor(1.6432, device='cuda:0', grad_fn=<NllLossBackward0>)",0.531
927,"tensor(1.5895, device='cuda:0', grad_fn=<NllLossBackward0>)",0.546
928,"tensor(1.7015, device='cuda:0', grad_fn=<NllLossBackward0>)",0.516
929,"tensor(1.6982, device='cuda:0', grad_fn=<NllLossBackward0>)",0.509
930,"tensor(1.7040, device='cuda:0', grad_fn=<NllLossBackward0>)",0.516
931,"tensor(1.5882, device='cuda:0', grad_fn=<NllLossBackward0>)",0.53
932,"tensor(1.6823, device='cuda:0', grad_fn=<NllLossBackward0>)",0.487
933,"tensor(1.6558, device='cuda:0', grad_fn=<NllLossBackward0>)",0.526
934,"tensor(1.6460, device='cuda:0', grad_fn=<NllLossBackward0>)",0.511
935,"tensor(1.6539, device='cuda:0', grad_fn=<NllLossBackward0>)",0.512
936,"tensor(1.5784, device='cuda:0', grad_fn=<NllLossBackward0>)",0.537
937,"tensor(1.6821, device='cuda:0', grad_fn=<NllLossBackward0>)",0.516
938,"tensor(1.6140, device='cuda:0', grad_fn=<NllLossBackward0>)",0.532
939,"tensor(1.7226, device='cuda:0', grad_fn=<NllLossBackward0>)",0.514
940,"tensor(1.6584, device='cuda:0', grad_fn=<NllLossBackward0>)",0.534
941,"tensor(1.7512, device='cuda:0', grad_fn=<NllLossBackward0>)",0.502
942,"tensor(1.6237, device='cuda:0', grad_fn=<NllLossBackward0>)",0.518
943,"tensor(1.6456, device='cuda:0', grad_fn=<NllLossBackward0>)",0.528
944,"tensor(1.7429, device='cuda:0', grad_fn=<NllLossBackward0>)",0.497
945,"tensor(1.7340, device='cuda:0', grad_fn=<NllLossBackward0>)",0.526
946,"tensor(1.6404, device='cuda:0', grad_fn=<NllLossBackward0>)",0.547
947,"tensor(1.6062, device='cuda:0', grad_fn=<NllLossBackward0>)",0.56
948,"tensor(1.6720, device='cuda:0', grad_fn=<NllLossBackward0>)",0.519
949,"tensor(1.6787, device='cuda:0', grad_fn=<NllLossBackward0>)",0.534
950,"tensor(1.7279, device='cuda:0', grad_fn=<NllLossBackward0>)",0.502
951,"tensor(1.6965, device='cuda:0', grad_fn=<NllLossBackward0>)",0.535
952,"tensor(1.7212, device='cuda:0', grad_fn=<NllLossBackward0>)",0.528
953,"tensor(1.6734, device='cuda:0', grad_fn=<NllLossBackward0>)",0.513
954,"tensor(1.6880, device='cuda:0', grad_fn=<NllLossBackward0>)",0.513
955,"tensor(1.7008, device='cuda:0', grad_fn=<NllLossBackward0>)",0.498
956,"tensor(1.6017, device='cuda:0', grad_fn=<NllLossBackward0>)",0.534
957,"tensor(1.6909, device='cuda:0', grad_fn=<NllLossBackward0>)",0.528
958,"tensor(1.6194, device='cuda:0', grad_fn=<NllLossBackward0>)",0.524
959,"tensor(1.7254, device='cuda:0', grad_fn=<NllLossBackward0>)",0.516
960,"tensor(1.6252, device='cuda:0', grad_fn=<NllLossBackward0>)",0.533
961,"tensor(1.7282, device='cuda:0', grad_fn=<NllLossBackward0>)",0.505
962,"tensor(1.7381, device='cuda:0', grad_fn=<NllLossBackward0>)",0.509
963,"tensor(1.6283, device='cuda:0', grad_fn=<NllLossBackward0>)",0.541
964,"tensor(1.7031, device='cuda:0', grad_fn=<NllLossBackward0>)",0.503
965,"tensor(1.5865, device='cuda:0', grad_fn=<NllLossBackward0>)",0.546
966,"tensor(1.6101, device='cuda:0', grad_fn=<NllLossBackward0>)",0.537
967,"tensor(1.6004, device='cuda:0', grad_fn=<NllLossBackward0>)",0.509
968,"tensor(1.6103, device='cuda:0', grad_fn=<NllLossBackward0>)",0.528
969,"tensor(1.5865, device='cuda:0', grad_fn=<NllLossBackward0>)",0.537
970,"tensor(1.7652, device='cuda:0', grad_fn=<NllLossBackward0>)",0.508
971,"tensor(1.6670, device='cuda:0', grad_fn=<NllLossBackward0>)",0.521
972,"tensor(1.5255, device='cuda:0', grad_fn=<NllLossBackward0>)",0.55
973,"tensor(1.6802, device='cuda:0', grad_fn=<NllLossBackward0>)",0.515
974,"tensor(1.6868, device='cuda:0', grad_fn=<NllLossBackward0>)",0.522
975,"tensor(1.7625, device='cuda:0', grad_fn=<NllLossBackward0>)",0.503
976,"tensor(1.6004, device='cuda:0', grad_fn=<NllLossBackward0>)",0.552
977,"tensor(1.6839, device='cuda:0', grad_fn=<NllLossBackward0>)",0.517
978,"tensor(1.6329, device='cuda:0', grad_fn=<NllLossBackward0>)",0.539
979,"tensor(1.6447, device='cuda:0', grad_fn=<NllLossBackward0>)",0.535
980,"tensor(1.6976, device='cuda:0', grad_fn=<NllLossBackward0>)",0.496
981,"tensor(1.7137, device='cuda:0', grad_fn=<NllLossBackward0>)",0.502
982,"tensor(1.6930, device='cuda:0', grad_fn=<NllLossBackward0>)",0.497
983,"tensor(1.7081, device='cuda:0', grad_fn=<NllLossBackward0>)",0.522
984,"tensor(1.6805, device='cuda:0', grad_fn=<NllLossBackward0>)",0.508
985,"tensor(1.8310, device='cuda:0', grad_fn=<NllLossBackward0>)",0.497
986,"tensor(1.6935, device='cuda:0', grad_fn=<NllLossBackward0>)",0.514
987,"tensor(1.6758, device='cuda:0', grad_fn=<NllLossBackward0>)",0.535
988,"tensor(1.7766, device='cuda:0', grad_fn=<NllLossBackward0>)",0.489
989,"tensor(1.6825, device='cuda:0', grad_fn=<NllLossBackward0>)",0.523
990,"tensor(1.6880, device='cuda:0', grad_fn=<NllLossBackward0>)",0.526
991,"tensor(1.6449, device='cuda:0', grad_fn=<NllLossBackward0>)",0.541
992,"tensor(1.6152, device='cuda:0', grad_fn=<NllLossBackward0>)",0.551
993,"tensor(1.6030, device='cuda:0', grad_fn=<NllLossBackward0>)",0.53
994,"tensor(1.7403, device='cuda:0', grad_fn=<NllLossBackward0>)",0.506
995,"tensor(1.6884, device='cuda:0', grad_fn=<NllLossBackward0>)",0.522
996,"tensor(1.7186, device='cuda:0', grad_fn=<NllLossBackward0>)",0.508
997,"tensor(1.6533, device='cuda:0', grad_fn=<NllLossBackward0>)",0.516
998,"tensor(1.6308, device='cuda:0', grad_fn=<NllLossBackward0>)",0.52
999,"tensor(1.5312, device='cuda:0', grad_fn=<NllLossBackward0>)",0.573
0,"tensor(1.6424, device='cuda:0', grad_fn=<NllLossBackward0>)",0.511
1,"tensor(1.6693, device='cuda:0', grad_fn=<NllLossBackward0>)",0.537
2,"tensor(1.7005, device='cuda:0', grad_fn=<NllLossBackward0>)",0.545
3,"tensor(1.5959, device='cuda:0', grad_fn=<NllLossBackward0>)",0.545
4,"tensor(1.6627, device='cuda:0', grad_fn=<NllLossBackward0>)",0.546
5,"tensor(1.6766, device='cuda:0', grad_fn=<NllLossBackward0>)",0.489
6,"tensor(1.6343, device='cuda:0', grad_fn=<NllLossBackward0>)",0.528
7,"tensor(1.6673, device='cuda:0', grad_fn=<NllLossBackward0>)",0.531
8,"tensor(1.6289, device='cuda:0', grad_fn=<NllLossBackward0>)",0.533
9,"tensor(1.5967, device='cuda:0', grad_fn=<NllLossBackward0>)",0.529
10,"tensor(1.6770, device='cuda:0', grad_fn=<NllLossBackward0>)",0.517
11,"tensor(1.6625, device='cuda:0', grad_fn=<NllLossBackward0>)",0.505
12,"tensor(1.6457, device='cuda:0', grad_fn=<NllLossBackward0>)",0.532
13,"tensor(1.7206, device='cuda:0', grad_fn=<NllLossBackward0>)",0.521
14,"tensor(1.7327, device='cuda:0', grad_fn=<NllLossBackward0>)",0.519
15,"tensor(1.6046, device='cuda:0', grad_fn=<NllLossBackward0>)",0.544
16,"tensor(1.6367, device='cuda:0', grad_fn=<NllLossBackward0>)",0.539
17,"tensor(1.6403, device='cuda:0', grad_fn=<NllLossBackward0>)",0.525
18,"tensor(1.7092, device='cuda:0', grad_fn=<NllLossBackward0>)",0.512
19,"tensor(1.6360, device='cuda:0', grad_fn=<NllLossBackward0>)",0.528
20,"tensor(1.7115, device='cuda:0', grad_fn=<NllLossBackward0>)",0.513
21,"tensor(1.7111, device='cuda:0', grad_fn=<NllLossBackward0>)",0.515
22,"tensor(1.6925, device='cuda:0', grad_fn=<NllLossBackward0>)",0.508
23,"tensor(1.6090, device='cuda:0', grad_fn=<NllLossBackward0>)",0.528
24,"tensor(1.6268, device='cuda:0', grad_fn=<NllLossBackward0>)",0.501
25,"tensor(1.7438, device='cuda:0', grad_fn=<NllLossBackward0>)",0.513
26,"tensor(1.7028, device='cuda:0', grad_fn=<NllLossBackward0>)",0.515
27,"tensor(1.7003, device='cuda:0', grad_fn=<NllLossBackward0>)",0.523
28,"tensor(1.7642, device='cuda:0', grad_fn=<NllLossBackward0>)",0.49
29,"tensor(1.6111, device='cuda:0', grad_fn=<NllLossBackward0>)",0.519
30,"tensor(1.6376, device='cuda:0', grad_fn=<NllLossBackward0>)",0.53
31,"tensor(1.7210, device='cuda:0', grad_fn=<NllLossBackward0>)",0.491
32,"tensor(1.6669, device='cuda:0', grad_fn=<NllLossBackward0>)",0.523
33,"tensor(1.6768, device='cuda:0', grad_fn=<NllLossBackward0>)",0.513
34,"tensor(1.7932, device='cuda:0', grad_fn=<NllLossBackward0>)",0.492
35,"tensor(1.7395, device='cuda:0', grad_fn=<NllLossBackward0>)",0.51
36,"tensor(1.6303, device='cuda:0', grad_fn=<NllLossBackward0>)",0.532
37,"tensor(1.6471, device='cuda:0', grad_fn=<NllLossBackward0>)",0.522
38,"tensor(1.6716, device='cuda:0', grad_fn=<NllLossBackward0>)",0.53
39,"tensor(1.6310, device='cuda:0', grad_fn=<NllLossBackward0>)",0.532
40,"tensor(1.6294, device='cuda:0', grad_fn=<NllLossBackward0>)",0.541
41,"tensor(1.6724, device='cuda:0', grad_fn=<NllLossBackward0>)",0.523
42,"tensor(1.7265, device='cuda:0', grad_fn=<NllLossBackward0>)",0.494
43,"tensor(1.6533, device='cuda:0', grad_fn=<NllLossBackward0>)",0.516
44,"tensor(1.6976, device='cuda:0', grad_fn=<NllLossBackward0>)",0.501
45,"tensor(1.7279, device='cuda:0', grad_fn=<NllLossBackward0>)",0.514
46,"tensor(1.6570, device='cuda:0', grad_fn=<NllLossBackward0>)",0.533
47,"tensor(1.5620, device='cuda:0', grad_fn=<NllLossBackward0>)",0.544
48,"tensor(1.6990, device='cuda:0', grad_fn=<NllLossBackward0>)",0.513
49,"tensor(1.7168, device='cuda:0', grad_fn=<NllLossBackward0>)",0.496
50,"tensor(1.6825, device='cuda:0', grad_fn=<NllLossBackward0>)",0.509
51,"tensor(1.6679, device='cuda:0', grad_fn=<NllLossBackward0>)",0.54
52,"tensor(1.7183, device='cuda:0', grad_fn=<NllLossBackward0>)",0.526
53,"tensor(1.5937, device='cuda:0', grad_fn=<NllLossBackward0>)",0.525
54,"tensor(1.6202, device='cuda:0', grad_fn=<NllLossBackward0>)",0.541
55,"tensor(1.7178, device='cuda:0', grad_fn=<NllLossBackward0>)",0.519
56,"tensor(1.6224, device='cuda:0', grad_fn=<NllLossBackward0>)",0.557
57,"tensor(1.7157, device='cuda:0', grad_fn=<NllLossBackward0>)",0.523
58,"tensor(1.6570, device='cuda:0', grad_fn=<NllLossBackward0>)",0.53
59,"tensor(1.6712, device='cuda:0', grad_fn=<NllLossBackward0>)",0.527
60,"tensor(1.6501, device='cuda:0', grad_fn=<NllLossBackward0>)",0.518
61,"tensor(1.6919, device='cuda:0', grad_fn=<NllLossBackward0>)",0.499
62,"tensor(1.6100, device='cuda:0', grad_fn=<NllLossBackward0>)",0.543
63,"tensor(1.6947, device='cuda:0', grad_fn=<NllLossBackward0>)",0.51
64,"tensor(1.6717, device='cuda:0', grad_fn=<NllLossBackward0>)",0.517
65,"tensor(1.5384, device='cuda:0', grad_fn=<NllLossBackward0>)",0.554
66,"tensor(1.6634, device='cuda:0', grad_fn=<NllLossBackward0>)",0.522
67,"tensor(1.6387, device='cuda:0', grad_fn=<NllLossBackward0>)",0.538
68,"tensor(1.6087, device='cuda:0', grad_fn=<NllLossBackward0>)",0.541
69,"tensor(1.6776, device='cuda:0', grad_fn=<NllLossBackward0>)",0.521
70,"tensor(1.6336, device='cuda:0', grad_fn=<NllLossBackward0>)",0.524
71,"tensor(1.7073, device='cuda:0', grad_fn=<NllLossBackward0>)",0.521
72,"tensor(1.6677, device='cuda:0', grad_fn=<NllLossBackward0>)",0.536
73,"tensor(1.6903, device='cuda:0', grad_fn=<NllLossBackward0>)",0.536
74,"tensor(1.6247, device='cuda:0', grad_fn=<NllLossBackward0>)",0.54
75,"tensor(1.6655, device='cuda:0', grad_fn=<NllLossBackward0>)",0.517
76,"tensor(1.6499, device='cuda:0', grad_fn=<NllLossBackward0>)",0.532
77,"tensor(1.6504, device='cuda:0', grad_fn=<NllLossBackward0>)",0.529
78,"tensor(1.6334, device='cuda:0', grad_fn=<NllLossBackward0>)",0.502
79,"tensor(1.6447, device='cuda:0', grad_fn=<NllLossBackward0>)",0.517
80,"tensor(1.7399, device='cuda:0', grad_fn=<NllLossBackward0>)",0.515
81,"tensor(1.6820, device='cuda:0', grad_fn=<NllLossBackward0>)",0.506
82,"tensor(1.7736, device='cuda:0', grad_fn=<NllLossBackward0>)",0.524
83,"tensor(1.7181, device='cuda:0', grad_fn=<NllLossBackward0>)",0.529
84,"tensor(1.6713, device='cuda:0', grad_fn=<NllLossBackward0>)",0.511
85,"tensor(1.6270, device='cuda:0', grad_fn=<NllLossBackward0>)",0.529
86,"tensor(1.6341, device='cuda:0', grad_fn=<NllLossBackward0>)",0.528
87,"tensor(1.6371, device='cuda:0', grad_fn=<NllLossBackward0>)",0.524
88,"tensor(1.6132, device='cuda:0', grad_fn=<NllLossBackward0>)",0.534
89,"tensor(1.6868, device='cuda:0', grad_fn=<NllLossBackward0>)",0.553
90,"tensor(1.7243, device='cuda:0', grad_fn=<NllLossBackward0>)",0.497
91,"tensor(1.6651, device='cuda:0', grad_fn=<NllLossBackward0>)",0.513
92,"tensor(1.6532, device='cuda:0', grad_fn=<NllLossBackward0>)",0.496
93,"tensor(1.6464, device='cuda:0', grad_fn=<NllLossBackward0>)",0.52
94,"tensor(1.6667, device='cuda:0', grad_fn=<NllLossBackward0>)",0.53
95,"tensor(1.6308, device='cuda:0', grad_fn=<NllLossBackward0>)",0.512
96,"tensor(1.6182, device='cuda:0', grad_fn=<NllLossBackward0>)",0.522
97,"tensor(1.6696, device='cuda:0', grad_fn=<NllLossBackward0>)",0.536
98,"tensor(1.5484, device='cuda:0', grad_fn=<NllLossBackward0>)",0.565
99,"tensor(1.6707, device='cuda:0', grad_fn=<NllLossBackward0>)",0.53
100,"tensor(1.5934, device='cuda:0', grad_fn=<NllLossBackward0>)",0.542
101,"tensor(1.6544, device='cuda:0', grad_fn=<NllLossBackward0>)",0.531
102,"tensor(1.7294, device='cuda:0', grad_fn=<NllLossBackward0>)",0.51
103,"tensor(1.6311, device='cuda:0', grad_fn=<NllLossBackward0>)",0.532
104,"tensor(1.6403, device='cuda:0', grad_fn=<NllLossBackward0>)",0.532
105,"tensor(1.7275, device='cuda:0', grad_fn=<NllLossBackward0>)",0.522
106,"tensor(1.6353, device='cuda:0', grad_fn=<NllLossBackward0>)",0.53
107,"tensor(1.5952, device='cuda:0', grad_fn=<NllLossBackward0>)",0.521
108,"tensor(1.6647, device='cuda:0', grad_fn=<NllLossBackward0>)",0.522
109,"tensor(1.7169, device='cuda:0', grad_fn=<NllLossBackward0>)",0.515
110,"tensor(1.6327, device='cuda:0', grad_fn=<NllLossBackward0>)",0.548
111,"tensor(1.6536, device='cuda:0', grad_fn=<NllLossBackward0>)",0.524
112,"tensor(1.6713, device='cuda:0', grad_fn=<NllLossBackward0>)",0.523
113,"tensor(1.6774, device='cuda:0', grad_fn=<NllLossBackward0>)",0.538
114,"tensor(1.6444, device='cuda:0', grad_fn=<NllLossBackward0>)",0.523
115,"tensor(1.6519, device='cuda:0', grad_fn=<NllLossBackward0>)",0.517
116,"tensor(1.6611, device='cuda:0', grad_fn=<NllLossBackward0>)",0.528
117,"tensor(1.6845, device='cuda:0', grad_fn=<NllLossBackward0>)",0.51
118,"tensor(1.6342, device='cuda:0', grad_fn=<NllLossBackward0>)",0.549
119,"tensor(1.6504, device='cuda:0', grad_fn=<NllLossBackward0>)",0.527
120,"tensor(1.6714, device='cuda:0', grad_fn=<NllLossBackward0>)",0.536
121,"tensor(1.5934, device='cuda:0', grad_fn=<NllLossBackward0>)",0.527
122,"tensor(1.5516, device='cuda:0', grad_fn=<NllLossBackward0>)",0.537
123,"tensor(1.6527, device='cuda:0', grad_fn=<NllLossBackward0>)",0.512
124,"tensor(1.6355, device='cuda:0', grad_fn=<NllLossBackward0>)",0.547
125,"tensor(1.6969, device='cuda:0', grad_fn=<NllLossBackward0>)",0.521
126,"tensor(1.6161, device='cuda:0', grad_fn=<NllLossBackward0>)",0.503
127,"tensor(1.6176, device='cuda:0', grad_fn=<NllLossBackward0>)",0.511
128,"tensor(1.6535, device='cuda:0', grad_fn=<NllLossBackward0>)",0.529
129,"tensor(1.7114, device='cuda:0', grad_fn=<NllLossBackward0>)",0.51
130,"tensor(1.7165, device='cuda:0', grad_fn=<NllLossBackward0>)",0.506
131,"tensor(1.6186, device='cuda:0', grad_fn=<NllLossBackward0>)",0.543
132,"tensor(1.5753, device='cuda:0', grad_fn=<NllLossBackward0>)",0.553
133,"tensor(1.7136, device='cuda:0', grad_fn=<NllLossBackward0>)",0.516
134,"tensor(1.7276, device='cuda:0', grad_fn=<NllLossBackward0>)",0.514
135,"tensor(1.7321, device='cuda:0', grad_fn=<NllLossBackward0>)",0.526
136,"tensor(1.7245, device='cuda:0', grad_fn=<NllLossBackward0>)",0.496
137,"tensor(1.7325, device='cuda:0', grad_fn=<NllLossBackward0>)",0.507
138,"tensor(1.6497, device='cuda:0', grad_fn=<NllLossBackward0>)",0.537
139,"tensor(1.6708, device='cuda:0', grad_fn=<NllLossBackward0>)",0.517
140,"tensor(1.6703, device='cuda:0', grad_fn=<NllLossBackward0>)",0.512
141,"tensor(1.7158, device='cuda:0', grad_fn=<NllLossBackward0>)",0.522
142,"tensor(1.6302, device='cuda:0', grad_fn=<NllLossBackward0>)",0.528
143,"tensor(1.5237, device='cuda:0', grad_fn=<NllLossBackward0>)",0.56
144,"tensor(1.5721, device='cuda:0', grad_fn=<NllLossBackward0>)",0.548
145,"tensor(1.7084, device='cuda:0', grad_fn=<NllLossBackward0>)",0.531
146,"tensor(1.6120, device='cuda:0', grad_fn=<NllLossBackward0>)",0.536
147,"tensor(1.5841, device='cuda:0', grad_fn=<NllLossBackward0>)",0.552
148,"tensor(1.6303, device='cuda:0', grad_fn=<NllLossBackward0>)",0.537
149,"tensor(1.5901, device='cuda:0', grad_fn=<NllLossBackward0>)",0.542
150,"tensor(1.6681, device='cuda:0', grad_fn=<NllLossBackward0>)",0.52
151,"tensor(1.6330, device='cuda:0', grad_fn=<NllLossBackward0>)",0.525
152,"tensor(1.6444, device='cuda:0', grad_fn=<NllLossBackward0>)",0.519
153,"tensor(1.6724, device='cuda:0', grad_fn=<NllLossBackward0>)",0.53
154,"tensor(1.7093, device='cuda:0', grad_fn=<NllLossBackward0>)",0.515
155,"tensor(1.7326, device='cuda:0', grad_fn=<NllLossBackward0>)",0.522
156,"tensor(1.7165, device='cuda:0', grad_fn=<NllLossBackward0>)",0.521
157,"tensor(1.6676, device='cuda:0', grad_fn=<NllLossBackward0>)",0.536
158,"tensor(1.5929, device='cuda:0', grad_fn=<NllLossBackward0>)",0.556
159,"tensor(1.5804, device='cuda:0', grad_fn=<NllLossBackward0>)",0.56
160,"tensor(1.6794, device='cuda:0', grad_fn=<NllLossBackward0>)",0.513
161,"tensor(1.6285, device='cuda:0', grad_fn=<NllLossBackward0>)",0.554
162,"tensor(1.6718, device='cuda:0', grad_fn=<NllLossBackward0>)",0.544
163,"tensor(1.7067, device='cuda:0', grad_fn=<NllLossBackward0>)",0.494
164,"tensor(1.7317, device='cuda:0', grad_fn=<NllLossBackward0>)",0.51
165,"tensor(1.6405, device='cuda:0', grad_fn=<NllLossBackward0>)",0.549
166,"tensor(1.6244, device='cuda:0', grad_fn=<NllLossBackward0>)",0.547
167,"tensor(1.6643, device='cuda:0', grad_fn=<NllLossBackward0>)",0.507
168,"tensor(1.7365, device='cuda:0', grad_fn=<NllLossBackward0>)",0.506
169,"tensor(1.6189, device='cuda:0', grad_fn=<NllLossBackward0>)",0.533
170,"tensor(1.6747, device='cuda:0', grad_fn=<NllLossBackward0>)",0.519
171,"tensor(1.6033, device='cuda:0', grad_fn=<NllLossBackward0>)",0.531
172,"tensor(1.6550, device='cuda:0', grad_fn=<NllLossBackward0>)",0.525
173,"tensor(1.5707, device='cuda:0', grad_fn=<NllLossBackward0>)",0.558
174,"tensor(1.5930, device='cuda:0', grad_fn=<NllLossBackward0>)",0.525
175,"tensor(1.7199, device='cuda:0', grad_fn=<NllLossBackward0>)",0.505
176,"tensor(1.6706, device='cuda:0', grad_fn=<NllLossBackward0>)",0.523
177,"tensor(1.6225, device='cuda:0', grad_fn=<NllLossBackward0>)",0.523
178,"tensor(1.6467, device='cuda:0', grad_fn=<NllLossBackward0>)",0.523
179,"tensor(1.7489, device='cuda:0', grad_fn=<NllLossBackward0>)",0.51
180,"tensor(1.6636, device='cuda:0', grad_fn=<NllLossBackward0>)",0.529
181,"tensor(1.6147, device='cuda:0', grad_fn=<NllLossBackward0>)",0.548
182,"tensor(1.6977, device='cuda:0', grad_fn=<NllLossBackward0>)",0.518
183,"tensor(1.5747, device='cuda:0', grad_fn=<NllLossBackward0>)",0.553
184,"tensor(1.6986, device='cuda:0', grad_fn=<NllLossBackward0>)",0.518
185,"tensor(1.6091, device='cuda:0', grad_fn=<NllLossBackward0>)",0.547
186,"tensor(1.6361, device='cuda:0', grad_fn=<NllLossBackward0>)",0.535
187,"tensor(1.6497, device='cuda:0', grad_fn=<NllLossBackward0>)",0.52
188,"tensor(1.5675, device='cuda:0', grad_fn=<NllLossBackward0>)",0.559
189,"tensor(1.5429, device='cuda:0', grad_fn=<NllLossBackward0>)",0.567
190,"tensor(1.6003, device='cuda:0', grad_fn=<NllLossBackward0>)",0.564
191,"tensor(1.6364, device='cuda:0', grad_fn=<NllLossBackward0>)",0.527
192,"tensor(1.6347, device='cuda:0', grad_fn=<NllLossBackward0>)",0.503
193,"tensor(1.6908, device='cuda:0', grad_fn=<NllLossBackward0>)",0.521
194,"tensor(1.5808, device='cuda:0', grad_fn=<NllLossBackward0>)",0.521
195,"tensor(1.6960, device='cuda:0', grad_fn=<NllLossBackward0>)",0.542
196,"tensor(1.7238, device='cuda:0', grad_fn=<NllLossBackward0>)",0.513
197,"tensor(1.5787, device='cuda:0', grad_fn=<NllLossBackward0>)",0.527
198,"tensor(1.6101, device='cuda:0', grad_fn=<NllLossBackward0>)",0.512
199,"tensor(1.7528, device='cuda:0', grad_fn=<NllLossBackward0>)",0.4972067039106145
200,"tensor(1.7470, device='cuda:0', grad_fn=<NllLossBackward0>)",0.514
201,"tensor(1.7404, device='cuda:0', grad_fn=<NllLossBackward0>)",0.522
202,"tensor(1.6583, device='cuda:0', grad_fn=<NllLossBackward0>)",0.518
203,"tensor(1.6226, device='cuda:0', grad_fn=<NllLossBackward0>)",0.53
204,"tensor(1.5671, device='cuda:0', grad_fn=<NllLossBackward0>)",0.572
205,"tensor(1.7062, device='cuda:0', grad_fn=<NllLossBackward0>)",0.529
206,"tensor(1.7320, device='cuda:0', grad_fn=<NllLossBackward0>)",0.508
207,"tensor(1.6058, device='cuda:0', grad_fn=<NllLossBackward0>)",0.542
